"ORF","Significant"
"YMR056C",TRUE
"YBR085W",TRUE
"YPL088W",FALSE
"YNL141W",FALSE
"YHR047C",TRUE
"YLR027C",TRUE
"YBR236C",FALSE
"YKL112W",TRUE
"YMR072W",TRUE
"YCR088W",FALSE
"YOR239W",FALSE
"YMR289W",FALSE
"YGR037C",TRUE
"YNR016C",TRUE
"YLR144C",FALSE
"YBL015W",TRUE
"YDR161W",FALSE
"YLR304C",TRUE
"YJL200C",TRUE
"YKL192C",TRUE
"YLR153C",TRUE
"YFL039C",FALSE
"YMR184W",TRUE
"YKL206C",FALSE
"YAR015W",TRUE
"YNL220W",TRUE
"YLR359W",FALSE
"YLR028C",TRUE
"YMR120C",TRUE
"YOR128C",TRUE
"YGR204W",TRUE
"YMR300C",FALSE
"YGL234W",TRUE
"YGR061C",FALSE
"YDR408C",FALSE
"YOL086C",TRUE
"YMR083W",TRUE
"YGL256W",TRUE
"YBR145W",TRUE
"YMR318C",TRUE
"YMR009W",FALSE
"YDR226W",FALSE
"YJR105W",FALSE
"YCR011C",FALSE
"YEL052W",TRUE
"YLR397C",FALSE
"YER017C",FALSE
"YFL030W",FALSE
"YDR214W",TRUE
"YLR109W",TRUE
"YHL021C",TRUE
"YHR198C",FALSE
"YIL087C",FALSE
"YAL049C",TRUE
"YIR003W",TRUE
"YJR080C",FALSE
"YKR074W",FALSE
"YBR108W",FALSE
"YMR157C",FALSE
"YOL053W",FALSE
"YOR215C",TRUE
"YPR004C",FALSE
"YDL237W",FALSE
"YDR063W",FALSE
"YER080W",FALSE
"YMR092C",TRUE
"YBR059C",FALSE
"YDR264C",TRUE
"YOR335C",FALSE
"YMR170C",TRUE
"YMR169C",TRUE
"YOR374W",TRUE
"YER073W",TRUE
"YPL061W",TRUE
"YOR175C",TRUE
"YNR030W",FALSE
"YGL065C",TRUE
"YPL227C",FALSE
"YNL219C",TRUE
"YML086C",FALSE
"YLR089C",TRUE
"YML035C",FALSE
"YGL156W",TRUE
"YEL036C",FALSE
"YPR180W",FALSE
"YCL050C",FALSE
"YDR530C",TRUE
"YBR151W",FALSE
"YKL103C",TRUE
"YKL157W",FALSE
"YBR286W",TRUE
"YHR113W",FALSE
"YJR005W",FALSE
"YKL135C",FALSE
"YPR029C",TRUE
"YPL195W",TRUE
"YGR261C",FALSE
"YPL259C",TRUE
"YBR288C",TRUE
"YOL062C",FALSE
"YKL114C",FALSE
"YLR170C",FALSE
"YJL024C",FALSE
"YML022W",TRUE
"YBR149W",TRUE
"YMR041C",TRUE
"YER036C",FALSE
"YGL105W",FALSE
"YIL062C",FALSE
"YLR370C",FALSE
"YKL013C",FALSE
"YNR035C",FALSE
"YBR234C",FALSE
"YHR013C",FALSE
"YNR019W",TRUE
"YDL192W",TRUE
"YDL137W",TRUE
"YOL058W",TRUE
"YJL088W",TRUE
"YHR018C",TRUE
"YER069W",TRUE
"YMR062C",TRUE
"YOL140W",TRUE
"YDR376W",FALSE
"YGL157W",TRUE
"YBR164C",FALSE
"YHL047C",FALSE
"YDR127W",TRUE
"YGL148W",TRUE
"YDR035W",FALSE
"YBR249C",TRUE
"YPR060C",FALSE
"YGL202W",TRUE
"YDL029W",FALSE
"YJR065C",TRUE
"YJL081C",TRUE
"YNL059C",FALSE
"YPR034W",FALSE
"YOR141C",FALSE
"YMR033W",FALSE
"YDR101C",TRUE
"YMR116C",TRUE
"YJL115W",TRUE
"YPR145W",TRUE
"YGR124W",TRUE
"YDR321W",FALSE
"YBL069W",FALSE
"YNL242W",TRUE
"YDL113C",TRUE
"YLR189C",FALSE
"YJL178C",TRUE
"YBR139W",TRUE
"YHR171W",FALSE
"YBL078C",TRUE
"YMR301C",FALSE
"YBL099W",TRUE
"YNL315C",TRUE
"YJL180C",FALSE
"YLR295C",FALSE
"YPL271W",TRUE
"YDL004W",FALSE
"YDR377W",TRUE
"YML081C-A",TRUE
"YJR121W",FALSE
"YPR020W",TRUE
"YBR039W",TRUE
"YPL078C",TRUE
"YDR298C",TRUE
"YKL016C",TRUE
"YLR114C",FALSE
"YJR001W",TRUE
"YIL088C",TRUE
"YIL124W",FALSE
"YIL015W",TRUE
"YKR099W",TRUE
"YHR208W",TRUE
"YJR148W",TRUE
"YJL020C",TRUE
"YMR237W",TRUE
"YDR361C",FALSE
"YIL033C",TRUE
"YLR399C",FALSE
"YAL060W",TRUE
"YAL061W",FALSE
"YER155C",FALSE
"YPL161C",FALSE
"YIL004C",FALSE
"YKR068C",TRUE
"YOR198C",TRUE
"YDR299W",FALSE
"YGR282C",TRUE
"Q0115",FALSE
"YGR286C",FALSE
"YFL007W",FALSE
"YER177W",FALSE
"YDR099W",FALSE
"YPL217C",FALSE
"YJR025C",TRUE
"YJR078W",FALSE
"YJL060W",FALSE
"YBL098W",FALSE
"YLR231C",TRUE
"YFR047C",TRUE
"YNL271C",FALSE
"YNL233W",TRUE
"YER114C",FALSE
"YLR078C",FALSE
"YDL141W",FALSE
"YLL015W",TRUE
"YNR051C",FALSE
"YPL084W",TRUE
"YOL077C",FALSE
"YAR014C",FALSE
"YNR027W",FALSE
"YCL014W",FALSE
"YLR319C",FALSE
"YDL099W",FALSE
"YMR275C",FALSE
"YER159C",FALSE
"YHR114W",TRUE
"YIL083C",TRUE
"YKL088W",FALSE
"YGR277C",TRUE
"YDR196C",FALSE
"YFL028C",FALSE
"YOR276W",FALSE
"YNL288W",TRUE
"YER048C",FALSE
"YFL029C",FALSE
"YPL048W",FALSE
"YEL063C",FALSE
"YKL007W",FALSE
"YIL034C",FALSE
"YPL111W",FALSE
"YLR438W",TRUE
"YML042W",FALSE
"YOR125C",FALSE
"YMR280C",TRUE
"YPL178W",TRUE
"YJR060W",FALSE
"YLR175W",TRUE
"YPL215W",FALSE
"YGR174C",TRUE
"YBR120C",TRUE
"YIL043C",FALSE
"YER168C",FALSE
"YLR220W",TRUE
"YKR066C",TRUE
"YAL021C",TRUE
"YMR038C",TRUE
"YIL142W",TRUE
"YJL014W",FALSE
"YDL143W",FALSE
"YJR064W",FALSE
"YDR188W",FALSE
"YJL111W",FALSE
"YJL008C",FALSE
"YLR390W-A",TRUE
"YDR182W",FALSE
"YCR002C",TRUE
"YJR076C",FALSE
"YHR107C",FALSE
"YFR028C",TRUE
"YAL038W",FALSE
"YOR074C",TRUE
"YAL041W",FALSE
"YLR310C",TRUE
"YBR160W",TRUE
"YLR314C",FALSE
"YOR257W",FALSE
"YOL139C",FALSE
"YDR054C",TRUE
"YDL165W",FALSE
"YDR168W",TRUE
"YCR093W",TRUE
"YLR229C",TRUE
"YDL126C",FALSE
"YDL132W",TRUE
"YGL190C",FALSE
"YPL160W",TRUE
"YLR418C",FALSE
"YDL164C",FALSE
"YBR029C",TRUE
"YGL130W",TRUE
"YPL228W",FALSE
"YOR112W",TRUE
"YDR301W",FALSE
"YML036W",FALSE
"YGL206C",FALSE
"YER164W",FALSE
"YER026C",FALSE
"YGR157W",TRUE
"YBR023C",TRUE
"YLR330W",TRUE
"YER030W",FALSE
"YHR052W",FALSE
"YGR207C",TRUE
"YOR356W",FALSE
"YJL158C",TRUE
"YNR001C",FALSE
"YCR005C",TRUE
"YIL035C",FALSE
"YOR061W",FALSE
"YGL019W",TRUE
"YOR039W",FALSE
"YLR133W",FALSE
"YBR135W",FALSE
"YGR167W",FALSE
"YOR250C",FALSE
"YMR012W",TRUE
"YKL137W",FALSE
"YBR109C",FALSE
"YFR014C",TRUE
"YOL016C",TRUE
"YML057W",FALSE
"YLR003C",FALSE
"YLR433C",TRUE
"YKL190W",FALSE
"YBR155W",FALSE
"YMR244C-A",FALSE
"YLL050C",FALSE
"YER157W",FALSE
"YDL145C",FALSE
"YBR003W",FALSE
"YLR290C",FALSE
"YOL096C",FALSE
"YDR204W",FALSE
"YML110C",TRUE
"YGR255C",TRUE
"YGL119W",FALSE
"YLR201C",FALSE
"YBL045C",TRUE
"YOR316C",FALSE
"YLR038C",TRUE
"YGL191W",TRUE
"YER141W",FALSE
"YLL009C",TRUE
"Q0250",TRUE
"YDR231C",TRUE
"YDR119W-A",TRUE
"YGL187C",TRUE
"YIL111W",TRUE
"YHR051W",TRUE
"YLR395C",TRUE
"YDL067C",TRUE
"YKL179C",FALSE
"YOR303W",TRUE
"YJR109C",TRUE
"YGR247W",FALSE
"YDR155C",TRUE
"YHR057C",TRUE
"YML078W",FALSE
"YDR304C",TRUE
"YLR216C",FALSE
"YJR032W",FALSE
"YJL172W",TRUE
"YNL130C",FALSE
"YHR209W",TRUE
"YGR189C",TRUE
"YGR218W",FALSE
"YLR429W",TRUE
"YHR146W",TRUE
"YLR241W",TRUE
"YGL238W",FALSE
"YNL232W",FALSE
"YLR380W",FALSE
"YBR042C",FALSE
"YPR135W",TRUE
"YBR291C",FALSE
"YOL145C",FALSE
"YLR286C",TRUE
"YGR088W",TRUE
"YPL260W",FALSE
"YMR264W",TRUE
"YOR042W",FALSE
"YGL027C",TRUE
"YCR017C",FALSE
"YKL096W",FALSE
"YML054C",FALSE
"YNL111C",FALSE
"YJR048W",FALSE
"YAL039C",TRUE
"YBR112C",FALSE
"YDR430C",FALSE
"YJL005W",TRUE
"YAL012W",FALSE
"YGR155W",TRUE
"YOR065W",TRUE
"YBR233W-A",FALSE
"YML070W",FALSE
"YIR029W",FALSE
"YIR032C",TRUE
"YIR031C",FALSE
"YPL170W",TRUE
"YHR028C",TRUE
"YGR092W",TRUE
"YPL119C",FALSE
"YDL031W",FALSE
"YNL112W",TRUE
"YGL078C",TRUE
"YOR046C",FALSE
"YLR276C",FALSE
"YHR144C",FALSE
"YOL149W",FALSE
"YNL118C",FALSE
"YLR270W",TRUE
"YOR173W",TRUE
"YKL046C",FALSE
"YER143W",TRUE
"YOR163W",TRUE
"YMR173W",TRUE
"YOR204W",TRUE
"YHR019C",TRUE
"YKL054C",TRUE
"YDR051C",TRUE
"YOR030W",TRUE
"YMR238W",TRUE
"YDR411C",FALSE
"YDL160C",FALSE
"YMR316W",FALSE
"YLR348C",TRUE
"YKR035W-A",FALSE
"YKL002W",TRUE
"YPL266W",FALSE
"YDR263C",FALSE
"YLR129W",FALSE
"YOL021C",FALSE
"YIR004W",FALSE
"YDL174C",TRUE
"YDL178W",TRUE
"YEL071W",TRUE
"YER166W",FALSE
"YLL001W",FALSE
"YKL213C",TRUE
"YDR141C",FALSE
"YIL010W",FALSE
"YIL103W",TRUE
"YLR172C",FALSE
"YDR294C",FALSE
"YPR183W",FALSE
"YDR284C",TRUE
"YLL018C",TRUE
"YLL008W",FALSE
"YAL026C",FALSE
"YGL196W",FALSE
"YNR067C",TRUE
"YMR276W",FALSE
"YNL258C",TRUE
"YGL043W",TRUE
"YDL219W",FALSE
"YOL087C",FALSE
"YFR044C",FALSE
"YBR281C",FALSE
"YBR208C",FALSE
"YLR401C",FALSE
"YBR252W",TRUE
"YDR424C",FALSE
"YHR068W",TRUE
"YPR023C",FALSE
"YKL204W",TRUE
"YKL172W",FALSE
"YEL030W",TRUE
"YHR132C",FALSE
"YMR128W",FALSE
"YLR390W",TRUE
"YBL101C",TRUE
"YJL201W",FALSE
"YHL030W",FALSE
"YBR078W",FALSE
"YLR299W",FALSE
"YKR076W",TRUE
"YEL015W",FALSE
"YBL047C",FALSE
"YAL003W",TRUE
"YIL064W",FALSE
"YGR001C",FALSE
"YOR133W",TRUE
"YPL037C",FALSE
"YHR193C",FALSE
"YIR007W",FALSE
"YCR075W-A",FALSE
"YDR036C",FALSE
"YBR177C",FALSE
"YMR031C",TRUE
"YKL160W",FALSE
"YJL196C",FALSE
"YCR034W",TRUE
"YLR372W",FALSE
"YGR200C",FALSE
"YPL086C",TRUE
"YCL045C",FALSE
"YJR088C",TRUE
"YGL231C",TRUE
"YIL027C",FALSE
"YLR186W",TRUE
"YDR516C",TRUE
"YGL200C",FALSE
"YLR080W",FALSE
"YFL048C",FALSE
"YLR083C",FALSE
"YNL313C",FALSE
"YNL084C",FALSE
"YGR254W",TRUE
"YHR174W",TRUE
"YBR247C",TRUE
"YDL161W",FALSE
"YLR206W",TRUE
"YJR125C",FALSE
"YLL038C",TRUE
"YDR153C",TRUE
"YIL005W",FALSE
"YMR049C",TRUE
"YGR175C",FALSE
"YPL028W",TRUE
"YHR007C",TRUE
"YMR208W",FALSE
"YML126C",FALSE
"YMR202W",TRUE
"YJL167W",FALSE
"YNL280C",FALSE
"YGR060W",FALSE
"YGL001C",TRUE
"YLR100W",TRUE
"YER044C",FALSE
"YMR134W",FALSE
"YLR056W",TRUE
"YGL012W",FALSE
"YMR015C",TRUE
"YML008C",TRUE
"YHR190W",FALSE
"YFR041C",TRUE
"YML130C",TRUE
"YAR002C-A",FALSE
"YAL007C",FALSE
"YMR323W",FALSE
"YGR029W",FALSE
"YGL054C",TRUE
"YPR037C",TRUE
"YML012W",TRUE
"YGR284C",FALSE
"YAL042W",FALSE
"YMR219W",TRUE
"YDR365C",FALSE
"YNR054C",FALSE
"YJR017C",FALSE
"YBR026C",TRUE
"YOR051C",FALSE
"YDR518W",TRUE
"YLR300W",TRUE
"YDR261C",TRUE
"YOR317W",FALSE
"YIL009W",FALSE
"YMR246W",TRUE
"YDL166C",TRUE
"YMR029C",TRUE
"YKL182W",TRUE
"YPL231W",TRUE
"YBR041W",FALSE
"YKL060C",TRUE
"YJL155C",TRUE
"YPR062W",TRUE
"YDR539W",TRUE
"YBR101C",FALSE
"YMR058W",FALSE
"YFL041W",FALSE
"YIL065C",FALSE
"YLR342W",TRUE
"YMR306W",TRUE
"YAL053W",TRUE
"YGL139W",TRUE
"YDR236C",FALSE
"YHR176W",TRUE
"YDR070C",TRUE
"YPL222W",TRUE
"YNL168C",TRUE
"YMR221C",FALSE
"YDL222C",TRUE
"YKR049C",TRUE
"YER004W",FALSE
"YNL256W",FALSE
"YGR267C",TRUE
"YNL135C",TRUE
"YDR519W",TRUE
"YML074C",TRUE
"YLR449W",FALSE
"YLL029W",TRUE
"YEL047C",FALSE
"YLR060W",FALSE
"YFL022C",FALSE
"YOR271C",FALSE
"YHR049W",TRUE
"YOR280C",FALSE
"YER145C",TRUE
"YPL262W",FALSE
"YAL035W",TRUE
"YHR128W",TRUE
"YBL016W",FALSE
"YLR088W",FALSE
"YLR459W",TRUE
"YMR250W",TRUE
"YLR081W",FALSE
"YER027C",FALSE
"YKR039W",TRUE
"YHR089C",FALSE
"YMR307W",TRUE
"YMR215W",FALSE
"YOL030W",TRUE
"YFL021W",FALSE
"YCL011C",TRUE
"YER025W",FALSE
"YGR083C",FALSE
"YDR211W",FALSE
"YLR291C",FALSE
"YER163C",FALSE
"YGL195W",FALSE
"YFR009W",FALSE
"YKR026C",FALSE
"YDL226C",TRUE
"YDR019C",TRUE
"YMR189W",TRUE
"YAL044C",FALSE
"YOR120W",TRUE
"YEL042W",FALSE
"YPR184W",TRUE
"YOR375C",TRUE
"YDL215C",FALSE
"YAL062W",FALSE
"YER136W",FALSE
"YJR031C",FALSE
"YEL022W",FALSE
"YJR040W",FALSE
"YGL020C",FALSE
"YER083C",FALSE
"YDL100C",FALSE
"YOR164C",FALSE
"YKL104C",FALSE
"YDR358W",TRUE
"YHR108W",FALSE
"YDL198C",TRUE
"YCL039W",TRUE
"YNL153C",FALSE
"YEL003W",FALSE
"YML094W",FALSE
"YER054C",FALSE
"YPL137C",FALSE
"YDR152W",FALSE
"YDR096W",FALSE
"YNL255C",TRUE
"YEL011W",TRUE
"YER133W",FALSE
"YMR311C",FALSE
"YCL040W",TRUE
"YPR035W",TRUE
"YOR168W",FALSE
"YML004C",FALSE
"YDR272W",TRUE
"YER122C",FALSE
"YPL091W",FALSE
"YDL171C",TRUE
"YEL046C",TRUE
"YFL017C",TRUE
"YHR183W",TRUE
"YGR256W",TRUE
"YOR320C",FALSE
"YJL184W",FALSE
"YNL274C",TRUE
"YHL031C",FALSE
"YHR005C",FALSE
"YER020W",TRUE
"YOR371C",FALSE
"YAL056W",FALSE
"YDL022W",TRUE
"YOL059W",TRUE
"YGL121C",TRUE
"YPR160W",TRUE
"YHR188C",FALSE
"YDR434W",TRUE
"YKL152C",FALSE
"YDL021W",FALSE
"YOR262W",FALSE
"YIL053W",TRUE
"YER062C",TRUE
"YKR067W",TRUE
"YBR244W",TRUE
"YPL223C",TRUE
"YOL151W",TRUE
"YHR104W",TRUE
"YDR517W",TRUE
"YBR121C",FALSE
"YCL035C",TRUE
"YDR513W",TRUE
"YDR098C",FALSE
"YPL059W",FALSE
"YBR014C",TRUE
"YLR364W",TRUE
"YGR032W",TRUE
"YML048W",FALSE
"YJL101C",TRUE
"YOL049W",TRUE
"YFR015C",TRUE
"YLR258W",TRUE
"YDR221W",FALSE
"YML121W",FALSE
"YGR163W",FALSE
"YGL181W",FALSE
"YIR038C",TRUE
"YMR217W",TRUE
"YDR454C",FALSE
"YGL084C",FALSE
"YGL245W",FALSE
"YIL155C",TRUE
"YIL041W",FALSE
"YJL165C",FALSE
"YJR069C",FALSE
"YMR290C",TRUE
"YPL001W",TRUE
"YEL056W",FALSE
"YCL026C-B",TRUE
"YKR084C",FALSE
"YDL223C",TRUE
"YNL281W",FALSE
"YLR192C",FALSE
"YNL021W",FALSE
"YNL014W",TRUE
"YDR458C",TRUE
"YBL032W",FALSE
"YDR232W",TRUE
"YDR047W",TRUE
"YDR044W",FALSE
"YER014W",FALSE
"YOR176W",TRUE
"YGL040C",TRUE
"YDL205C",FALSE
"YOR278W",TRUE
"YOR227W",FALSE
"YMR207C",FALSE
"YMR110C",TRUE
"YGR187C",FALSE
"YBR009C",FALSE
"YPL127C",TRUE
"YBR010W",TRUE
"YER055C",TRUE
"YOR202W",TRUE
"YCL030C",TRUE
"YIL116W",TRUE
"YBR248C",TRUE
"YER057C",FALSE
"YML075C",FALSE
"YLR450W",FALSE
"YDR174W",FALSE
"YBR034C",FALSE
"YGL077C",FALSE
"YDL125C",TRUE
"YJR075W",TRUE
"YLR113W",FALSE
"YDR158W",TRUE
"YER052C",TRUE
"YJR139C",FALSE
"YPL116W",FALSE
"YEL066W",TRUE
"YDR399W",TRUE
"YNL004W",FALSE
"YLR301W",TRUE
"YOR267C",FALSE
"YOL123W",TRUE
"YPL204W",FALSE
"YOL133W",FALSE
"YMR186W",FALSE
"YHL002W",FALSE
"YGL073W",FALSE
"YMR288W",FALSE
"YBR133C",FALSE
"YBR272C",FALSE
"YOR020C",FALSE
"YLL026W",TRUE
"YFL014W",TRUE
"YJL159W",TRUE
"YBR072W",TRUE
"YCR021C",TRUE
"YDR533C",TRUE
"YDR171W",TRUE
"YLR259C",FALSE
"YDR258C",TRUE
"YPL240C",TRUE
"YDR224C",TRUE
"YBL002W",TRUE
"YPR033C",FALSE
"YOL012C",TRUE
"YGR268C",TRUE
"YFR053C",TRUE
"YGL253W",TRUE
"YHR094C",TRUE
"YDR345C",TRUE
"YHR092C",FALSE
"YHR096C",TRUE
"YDR343C",FALSE
"YDR342C",FALSE
"YEL034W",TRUE
"YIR037W",TRUE
"YOR126C",TRUE
"YIL090W",FALSE
"YNL037C",FALSE
"YOR136W",FALSE
"YPL117C",FALSE
"YDL066W",TRUE
"YNL215W",FALSE
"YOR189W",FALSE
"YBR159W",FALSE
"YFR017C",FALSE
"YNL157W",FALSE
"YHR132W-A",FALSE
"YLR384C",FALSE
"YBL076C",TRUE
"YER086W",TRUE
"YMR108W",TRUE
"YJR016C",TRUE
"YLR355C",TRUE
"YCL009C",TRUE
"YHR216W",TRUE
"YLR432W",TRUE
"YML056C",FALSE
"YCR046C",FALSE
"YLR309C",FALSE
"YJR138W",FALSE
"YJL082W",TRUE
"YHR148W",FALSE
"YDL181W",TRUE
"YHR046C",FALSE
"YJL153C",TRUE
"YGL150C",TRUE
"YOR109W",FALSE
"YLR095C",FALSE
"YMR044W",FALSE
"YNL182C",FALSE
"YBR011C",FALSE
"YPL242C",TRUE
"YBR140C",FALSE
"YPL017C",FALSE
"YIR036C",TRUE
"YIL026C",FALSE
"YER019W",FALSE
"YER048W-A",TRUE
"YOR155C",TRUE
"YNL265C",TRUE
"YBR086C",FALSE
"YBR245C",FALSE
"YOR304W",FALSE
"YGL133W",TRUE
"YDR497C",TRUE
"YDR229W",TRUE
"YKL032C",TRUE
"YDR475C",FALSE
"YLL057C",TRUE
"YJR091C",FALSE
"YKR038C",FALSE
"YBR017C",FALSE
"YPL125W",FALSE
"YER110C",TRUE
"YLR347C",FALSE
"YJL034W",TRUE
"YDR017C",TRUE
"YHR158C",FALSE
"YPL263C",TRUE
"YPL145C",FALSE
"YGL203C",TRUE
"YIL125W",TRUE
"YDR148C",TRUE
"YDR122W",TRUE
"YDL108W",FALSE
"YHR186C",TRUE
"YDR483W",TRUE
"YNL132W",FALSE
"YOR336W",FALSE
"YPR159W",FALSE
"YNL308C",FALSE
"YCL059C",FALSE
"YDR037W",TRUE
"YHR082C",FALSE
"YKL110C",TRUE
"YOR099W",TRUE
"YBR205W",FALSE
"YBR199W",FALSE
"YJL207C",FALSE
"YKL008C",TRUE
"YHL003C",FALSE
"YOL025W",FALSE
"YLR072W",FALSE
"YNL045W",FALSE
"YNL239W",TRUE
"YOR181W",FALSE
"YNL071W",FALSE
"YMR296C",FALSE
"YDR062W",FALSE
"YJL134W",FALSE
"YOR171C",TRUE
"YLR104W",FALSE
"YOR322C",FALSE
"YNL323W",TRUE
"YOR123C",TRUE
"YGL009C",TRUE
"YCL018W",TRUE
"YNL104C",TRUE
"YOR108W",FALSE
"YDL051W",TRUE
"YKL073W",TRUE
"YJR070C",TRUE
"YMR298W",FALSE
"YOR196C",TRUE
"YPR139C",TRUE
"YFR001W",TRUE
"YLR011W",TRUE
"YFL018C",FALSE
"YGR136W",TRUE
"YFR024C-A",TRUE
"YCL034W",FALSE
"YOR142W",TRUE
"YGR244C",FALSE
"YGL099W",TRUE
"YJL124C",TRUE
"YHR121W",FALSE
"YBL026W",TRUE
"YLR438C-A",FALSE
"YER112W",FALSE
"YER146W",TRUE
"YDR378C",TRUE
"YNL147W",FALSE
"YGR169C-A",FALSE
"YPL004C",TRUE
"YPR073C",FALSE
"YKL143W",FALSE
"YIR034C",TRUE
"YIL094C",TRUE
"YBR115C",TRUE
"YDL182W",TRUE
"YDL131W",TRUE
"YDR234W",TRUE
"YNR050C",TRUE
"YGL086W",FALSE
"YJL030W",TRUE
"YKL029C",TRUE
"YDR005C",TRUE
"YKL021C",TRUE
"YDR060W",FALSE
"YBR142W",FALSE
"YOL060C",FALSE
"YIL070C",TRUE
"YLR244C",TRUE
"YBL091C",FALSE
"YLR163C",FALSE
"YHR024C",TRUE
"YOR298C-A",TRUE
"YOR197W",TRUE
"YKL165C",TRUE
"YNL307C",FALSE
"YMR043W",FALSE
"YBL023C",TRUE
"YEL032W",TRUE
"YPR019W",FALSE
"YLR274W",FALSE
"YGL201C",TRUE
"YBR202W",FALSE
"YKL150W",TRUE
"YOR221C",FALSE
"YBR227C",FALSE
"YGR012W",FALSE
"YNL173C",TRUE
"YKL085W",TRUE
"YOL126C",TRUE
"YDL078C",FALSE
"YFL016C",FALSE
"YLR188W",FALSE
"YPL270W",TRUE
"YOL076W",FALSE
"YOL027C",FALSE
"YLR106C",FALSE
"YGR100W",FALSE
"YOL111C",FALSE
"YLR069C",FALSE
"YNL142W",TRUE
"YGR264C",TRUE
"YKR069W",FALSE
"YFR030W",TRUE
"YPL023C",FALSE
"YGL125W",TRUE
"YKL001C",TRUE
"YPR167C",FALSE
"YLR303W",TRUE
"YIL128W",TRUE
"YNL277W",FALSE
"YOL064C",TRUE
"YJR010W",TRUE
"YJR137C",TRUE
"YER091C",TRUE
"YOR241W",FALSE
"YLR017W",TRUE
"YPL169C",FALSE
"YOR232W",FALSE
"YOR211C",TRUE
"YJR144W",TRUE
"YMR115W",FALSE
"YJR008W",TRUE
"YJL042W",TRUE
"YDR296W",FALSE
"YKL195W",TRUE
"YCL057C-A",TRUE
"YBR262C",TRUE
"YFR011C",TRUE
"YKR016W",TRUE
"YGL035C",TRUE
"YJR077C",TRUE
"YBR084W",FALSE
"YEL007W",FALSE
"YDR031W",FALSE
"YMR002W",TRUE
"YBL107C",TRUE
"YGL106W",FALSE
"YPL164C",FALSE
"YKR095W",FALSE
"YIL051C",FALSE
"YGL087C",FALSE
"YER001W",FALSE
"YDR245W",FALSE
"YJL183W",FALSE
"YBR015C",FALSE
"YKL201C",TRUE
"YJL186W",FALSE
"YPL050C",FALSE
"YGL068W",FALSE
"YJR131W",FALSE
"YIL106W",FALSE
"YNL297C",FALSE
"YPL082C",FALSE
"YER068W",FALSE
"YOR288C",FALSE
"YOL088C",FALSE
"YJL066C",TRUE
"YJR002W",TRUE
"YGL178W",FALSE
"YPR112C",TRUE
"YDR033W",FALSE
"YPR118W",FALSE
"YPL184C",FALSE
"YDR347W",FALSE
"YKL003C",FALSE
"YBL090W",TRUE
"YHL004W",FALSE
"YPL118W",FALSE
"YNL005C",TRUE
"YKL142W",TRUE
"YDR116C",TRUE
"YNL284C",FALSE
"YKR006C",FALSE
"YNL185C",FALSE
"YNL177C",FALSE
"YMR193W",FALSE
"YDR462W",FALSE
"YMR024W",FALSE
"YBR122C",FALSE
"YLR439W",FALSE
"YPL173W",TRUE
"YHR147C",FALSE
"YDR237W",FALSE
"YGR220C",TRUE
"YMR188C",FALSE
"YNL306W",FALSE
"YDR337W",FALSE
"YGR165W",TRUE
"YBR251W",FALSE
"YMR158W",FALSE
"YBR146W",TRUE
"YOR370C",FALSE
"YKL009W",TRUE
"YBL095W",TRUE
"YML128C",TRUE
"YLR219W",TRUE
"YOR354C",FALSE
"YHR039C",FALSE
"YOL090W",FALSE
"YDR097C",TRUE
"YBR195C",FALSE
"YDR335W",TRUE
"YGR028W",TRUE
"YDR194C",FALSE
"YLR203C",FALSE
"YDR268W",FALSE
"YJL123C",TRUE
"YKR080W",TRUE
"YNL063W",FALSE
"YOR160W",FALSE
"YKL186C",FALSE
"YJL050W",TRUE
"YOR298W",FALSE
"YNR043W",FALSE
"YMR004W",TRUE
"YER042W",TRUE
"YCL033C",TRUE
"YOR326W",FALSE
"YKL129C",FALSE
"YAL029C",TRUE
"YMR109W",FALSE
"YDR493W",FALSE
"YGL122C",FALSE
"YPL190C",FALSE
"YML117W",FALSE
"YLR382C",TRUE
"YMR080C",FALSE
"YNL137C",FALSE
"YPL126W",FALSE
"YKR048C",FALSE
"YIL007C",FALSE
"YGR232W",FALSE
"YDL040C",FALSE
"YPR155C",FALSE
"YDR397C",FALSE
"YPR149W",TRUE
"YBL024W",FALSE
"YHR042W",TRUE
"YPL006W",TRUE
"YML031W",FALSE
"YMR145C",TRUE
"YML120C",TRUE
"YJL076W",FALSE
"YPL226W",TRUE
"YCL017C",TRUE
"YKL040C",TRUE
"YDR176W",FALSE
"YDL208W",TRUE
"YPR052C",FALSE
"YBR089C-A",TRUE
"YFR002W",FALSE
"YGL221C",TRUE
"YMR309C",FALSE
"YPL211W",TRUE
"YLR351C",TRUE
"YLR328W",FALSE
"YNL123W",FALSE
"YGR010W",FALSE
"YHR170W",TRUE
"YJR132W",FALSE
"YLR195C",FALSE
"YNL200C",TRUE
"YKL151C",TRUE
"YLR285W",FALSE
"YOR206W",TRUE
"YLR002C",FALSE
"YPL093W",TRUE
"YNR053C",TRUE
"YDL014W",TRUE
"YHR072W-A",TRUE
"YOL041C",FALSE
"YNL175C",FALSE
"YDL148C",FALSE
"YNL110C",FALSE
"YNL061W",FALSE
"YPL043W",FALSE
"YLR197W",FALSE
"YOR310C",TRUE
"YDL213C",TRUE
"YGR103W",FALSE
"YJL010C",FALSE
"YIL038C",FALSE
"YJR072C",TRUE
"YDL046W",TRUE
"YDR432W",FALSE
"YBR170C",FALSE
"YMR091C",TRUE
"YNL183C",TRUE
"YOR209C",TRUE
"YGL067W",FALSE
"YGR043C",TRUE
"YNL251C",TRUE
"YHR133C",FALSE
"YJL041W",FALSE
"YGR159C",TRUE
"YER009W",TRUE
"YDR001C",TRUE
"YBR001C",FALSE
"YJL208C",FALSE
"YER006W",TRUE
"YDR150W",TRUE
"YOR098C",FALSE
"YKL068W",FALSE
"YMR047C",TRUE
"YKL057C",FALSE
"YKR082W",FALSE
"YGL092W",TRUE
"YER105C",FALSE
"YIL115C",FALSE
"YBL079W",FALSE
"YML103C",FALSE
"YJL039C",FALSE
"YLR335W",FALSE
"YGL172W",TRUE
"YMR153W",FALSE
"YGR119C",FALSE
"YAR002W",TRUE
"YJL061W",FALSE
"YDL116W",FALSE
"YJR042W",FALSE
"YGL151W",FALSE
"YPR091C",FALSE
"YKL120W",TRUE
"YNL099C",FALSE
"YGL038C",TRUE
"YPL134C",FALSE
"YOR222W",FALSE
"YBR025C",TRUE
"YGL055W",TRUE
"YBR230C",TRUE
"YIL136W",TRUE
"YOL032W",FALSE
"YJR073C",TRUE
"YBR129C",FALSE
"YDL019C",TRUE
"YHR073W",FALSE
"YKR003W",TRUE
"YHR001W",TRUE
"YJR051W",TRUE
"YJL002C",TRUE
"YOR103C",FALSE
"YOR085W",FALSE
"YGL226C-A",FALSE
"YKL215C",TRUE
"YPL196W",FALSE
"YHR179W",FALSE
"YPL171C",FALSE
"YDR071C",TRUE
"YER165W",TRUE
"YGR078C",FALSE
"YMR174C",TRUE
"YDR348C",FALSE
"YDR251W",FALSE
"YJL104W",FALSE
"YKR065C",FALSE
"YIR006C",FALSE
"YKL025C",TRUE
"YHR063C",FALSE
"YIL145C",TRUE
"YKR002W",FALSE
"YDL173W",TRUE
"YCR077C",TRUE
"YLR199C",FALSE
"YNL015W",TRUE
"YGR178C",TRUE
"YDL053C",FALSE
"YBR094W",FALSE
"YER059W",TRUE
"YEL058W",TRUE
"YBR222C",TRUE
"YER178W",FALSE
"YBR221C",FALSE
"YLR044C",TRUE
"YLR134W",FALSE
"YGR087C",TRUE
"YCL043C",FALSE
"YIL013C",TRUE
"YPL058C",TRUE
"YNL231C",TRUE
"YNL264C",TRUE
"YOR153W",FALSE
"YGR193C",FALSE
"YBR035C",FALSE
"YBL017C",TRUE
"YPL154C",TRUE
"YMR231W",FALSE
"YLR064W",FALSE
"YKR046C",TRUE
"YOR158W",FALSE
"YJR034W",FALSE
"YBL030C",TRUE
"YOL147C",FALSE
"YGL153W",TRUE
"YDL065C",FALSE
"YLR324W",FALSE
"YJL179W",FALSE
"YGR240C",FALSE
"YMR205C",TRUE
"YIL107C",FALSE
"YOR122C",FALSE
"YNL149C",TRUE
"YML125C",FALSE
"YPL206C",FALSE
"YGL025C",FALSE
"YBR196C",FALSE
"YCR012W",TRUE
"YKL127W",FALSE
"YMR105C",TRUE
"YGR132C",TRUE
"YGR231C",TRUE
"YDL236W",FALSE
"YDR481C",FALSE
"YGR233C",TRUE
"YPL031C",FALSE
"YJL117W",FALSE
"YBR106W",TRUE
"YGL023C",TRUE
"YER053C",TRUE
"YIL045W",TRUE
"YHR034C",FALSE
"YGR086C",TRUE
"YBL022C",FALSE
"YPR154W",TRUE
"YBL051C",FALSE
"YKL164C",FALSE
"YPR113W",FALSE
"YBL105C",TRUE
"YMR008C",TRUE
"YMR006C",FALSE
"YOR281C",TRUE
"YGL008C",FALSE
"YPL036W",FALSE
"YGL006W",TRUE
"YER003C",TRUE
"YGL167C",FALSE
"YDL095W",TRUE
"YAL023C",FALSE
"YJR143C",FALSE
"YGR199W",FALSE
"YKL128C",FALSE
"YGL037C",FALSE
"YOR145C",FALSE
"YLR209C",FALSE
"YML069W",TRUE
"YCL047C",TRUE
"YNL102W",FALSE
"YBR088C",FALSE
"YJR006W",FALSE
"YEL055C",TRUE
"YMR129W",FALSE
"YLL023C",TRUE
"YNR052C",TRUE
"YNL055C",TRUE
"YMR267W",FALSE
"YDR452W",TRUE
"YGR123C",FALSE
"YHR201C",FALSE
"YML016C",FALSE
"YEL060C",TRUE
"YMR297W",TRUE
"YCL057W",FALSE
"YER012W",TRUE
"YOR362C",FALSE
"YPR103W",FALSE
"YJL001W",FALSE
"YFR050C",FALSE
"YMR314W",FALSE
"YOL038W",FALSE
"YBL041W",FALSE
"YML092C",FALSE
"YGR135W",FALSE
"YIR008C",FALSE
"YIL095W",TRUE
"YMR278W",TRUE
"YDR300C",FALSE
"YOR323C",FALSE
"YER023W",FALSE
"YLL036C",FALSE
"YGL120C",FALSE
"YKL181W",TRUE
"YER099C",TRUE
"YHL011C",FALSE
"YBL068W",FALSE
"YOL061W",FALSE
"YOR361C",TRUE
"YBL064C",TRUE
"YJL079C",TRUE
"YKR013W",FALSE
"YDL055C",FALSE
"YNL169C",TRUE
"YMR308C",FALSE
"YKL077W",TRUE
"YAL017W",FALSE
"YDR505C",FALSE
"YML017W",FALSE
"YLL010C",FALSE
"YDR055W",FALSE
"YDR032C",TRUE
"YER089C",FALSE
"YBL056W",FALSE
"YBR125C",FALSE
"YHR076W",FALSE
"YBL057C",TRUE
"YGR156W",FALSE
"YJR059W",TRUE
"YKL039W",FALSE
"YDL230W",FALSE
"YNL016W",FALSE
"YLL013C",TRUE
"YGL014W",FALSE
"YDR496C",FALSE
"YLR414C",FALSE
"YOR157C",FALSE
"YGR253C",FALSE
"YER094C",TRUE
"YPL212C",FALSE
"YOR243C",FALSE
"YLR142W",FALSE
"YHR037W",FALSE
"YLR196W",TRUE
"YCR057C",TRUE
"YJR111C",FALSE
"YGL062W",TRUE
"YBR218C",TRUE
"YOR347C",FALSE
"YNL010W",FALSE
"YHR001W-A",FALSE
"YPR191W",TRUE
"YFR033C",FALSE
"YDR529C",TRUE
"YIL121W",FALSE
"YHR074W",FALSE
"YDL103C",FALSE
"YGR258C",FALSE
"YEL037C",FALSE
"R0030W",FALSE
"YGL246C",TRUE
"YKL019W",FALSE
"YNL216W",TRUE
"YOR101W",TRUE
"YNL098C",FALSE
"YOR048C",FALSE
"YJR033C",FALSE
"YPL246C",TRUE
"YAL036C",TRUE
"YGR173W",FALSE
"YCR036W",FALSE
"YOR265W",TRUE
"YML030W",FALSE
"YNR018W",TRUE
"YLR248W",FALSE
"YOR220W",FALSE
"YDL135C",FALSE
"YOR285W",FALSE
"YBR049C",FALSE
"YJL217W",TRUE
"YDR028C",FALSE
"YBR002C",TRUE
"YOR207C",FALSE
"YFR051C",FALSE
"YPL010W",FALSE
"YLR059C",FALSE
"YAR007C",TRUE
"YNL312W",TRUE
"YJL173C",TRUE
"YOR217W",FALSE
"YJR068W",FALSE
"YNL290W",TRUE
"YOL094C",FALSE
"YBR087W",FALSE
"YBR052C",TRUE
"YDR379W",TRUE
"YBR260C",FALSE
"YFL047W",FALSE
"YER067W",TRUE
"YLR071C",FALSE
"YCR027C",FALSE
"YPR165W",TRUE
"YNL090W",FALSE
"YIL118W",FALSE
"YNL180C",TRUE
"YNL163C",TRUE
"YDR487C",FALSE
"YOL143C",FALSE
"YBR256C",FALSE
"YCR028C-A",FALSE
"YMR139W",FALSE
"YBR192W",FALSE
"YNL207W",TRUE
"YEL024W",TRUE
"YHR197W",FALSE
"YLL034C",FALSE
"YOR095C",FALSE
"YMR247C",TRUE
"YDR091C",TRUE
"YLR009W",TRUE
"YNL002C",FALSE
"YDL001W",FALSE
"YGL107C",TRUE
"YEL050C",FALSE
"YDR465C",FALSE
"YMR235C",FALSE
"YCL028W",TRUE
"YER070W",TRUE
"YJL026W",TRUE
"YGR180C",TRUE
"YPL123C",TRUE
"YLR371W",FALSE
"YBR229C",TRUE
"YMR258C",FALSE
"YJR063W",FALSE
"YPR010C",TRUE
"YOR341W",FALSE
"YJL148W",TRUE
"YOR340C",TRUE
"YNL248C",FALSE
"YOL005C",FALSE
"YOR151C",FALSE
"YIL021W",TRUE
"YJL140W",TRUE
"YBR154C",FALSE
"YDR404C",FALSE
"YOR224C",FALSE
"YGL070C",FALSE
"YHR143W-A",FALSE
"YNL113W",FALSE
"YKR025W",FALSE
"YPR110C",FALSE
"YDL150W",FALSE
"YNL330C",TRUE
"YJL121C",FALSE
"YKR081C",TRUE
"YBR079C",FALSE
"YLR075W",TRUE
"YDL082W",FALSE
"YKL006W",TRUE
"YHL001W",TRUE
"YLR029C",TRUE
"YMR121C",FALSE
"YIL133C",TRUE
"YNL069C",TRUE
"YKL180W",TRUE
"YJL177W",TRUE
"YLR061W",TRUE
"YGL031C",TRUE
"YGR148C",TRUE
"YOL127W",TRUE
"YLR344W",TRUE
"YGR034W",TRUE
"YGL103W",TRUE
"YFR032C-A",TRUE
"YOR063W",TRUE
"YGL030W",TRUE
"YDL075W",TRUE
"YLR406C",FALSE
"YBL092W",TRUE
"YPL143W",TRUE
"YOR234C",TRUE
"YMR194W",TRUE
"YPL249C-A",TRUE
"YLR185W",TRUE
"YDR500C",TRUE
"YLR325C",TRUE
"YJL189W",TRUE
"YBR031W",TRUE
"YDR012W",TRUE
"YPL131W",TRUE
"YML073C",TRUE
"YLR448W",TRUE
"YGL076C",TRUE
"YPL198W",TRUE
"YHL033C",TRUE
"YLL045C",TRUE
"YGL147C",TRUE
"YNL067W",TRUE
"YHR027C",FALSE
"YHR200W",TRUE
"YFR004W",FALSE
"YFR052W",FALSE
"YLR421C",FALSE
"YIL075C",FALSE
"YER021W",FALSE
"YDL147W",TRUE
"YDL097C",FALSE
"YPR108W",FALSE
"YOR261C",FALSE
"YDR427W",FALSE
"YDL140C",FALSE
"YPR187W",FALSE
"YOR116C",FALSE
"YLR340W",TRUE
"YDL081C",TRUE
"YDL130W",TRUE
"YOL039W",TRUE
"YDR382W",TRUE
"YGR214W",TRUE
"YLR048W",TRUE
"YOR293W",FALSE
"YMR230W",FALSE
"YOR369C",TRUE
"YDR064W",TRUE
"YJL191W",TRUE
"YOL040C",TRUE
"YLR441C",TRUE
"YML063W",TRUE
"YGL123W",TRUE
"YHL015W",TRUE
"YJL136C",TRUE
"YJL190C",TRUE
"YLR367W",FALSE
"YGL189C",TRUE
"YER131W",TRUE
"YLR388W",TRUE
"YDL061C",TRUE
"YNL178W",TRUE
"YLR167W",TRUE
"YJR123W",TRUE
"YOR096W",TRUE
"YNL096C",TRUE
"YPL081W",FALSE
"YBR189W",TRUE
"YKL145W",FALSE
"YDL007W",FALSE
"YDR394W",FALSE
"YOR259C",FALSE
"YOR117W",FALSE
"YGL048C",FALSE
"YDR333C",FALSE
"YPL009C",FALSE
"YMR131C",FALSE
"YPL012W",FALSE
"YHR065C",TRUE
"YHR069C",FALSE
"YCR035C",FALSE
"YDR280W",FALSE
"YGR095C",TRUE
"YMR229C",TRUE
"YPR137W",FALSE
"YLR357W",FALSE
"YDR303C",TRUE
"YKR008W",FALSE
"YLR033W",FALSE
"YCR052W",TRUE
"YFR037C",TRUE
"YML127W",FALSE
"YER050C",FALSE
"YNR037C",FALSE
"YGL129C",TRUE
"YJR113C",FALSE
"YMR266W",TRUE
"YER125W",FALSE
"YGR152C",TRUE
"YHR087W",TRUE
"YNL254C",FALSE
"YGL244W",FALSE
"YGL252C",FALSE
"YDR233C",TRUE
"YDL204W",TRUE
"YOR014W",FALSE
"YPL183C",FALSE
"YGR275W",FALSE
"YNL206C",TRUE
"YDR190C",FALSE
"YPL235W",FALSE
"YCR009C",FALSE
"YDR388W",TRUE
"YKL212W",FALSE
"YDR129C",FALSE
"YER043C",TRUE
"YLR180W",TRUE
"YDR502C",TRUE
"YPL273W",FALSE
"YNL026W",FALSE
"YFR040W",TRUE
"YPL218W",FALSE
"YDL153C",FALSE
"YKL117W",TRUE
"YER019C-A",FALSE
"YHL034C",FALSE
"YPR129W",FALSE
"YHR205W",FALSE
"YMR214W",FALSE
"YGL011C",TRUE
"YGR049W",FALSE
"YBR037C",FALSE
"YOR367W",FALSE
"YJL080C",FALSE
"YER120W",FALSE
"YMR272C",TRUE
"YMR305C",TRUE
"YGL028C",TRUE
"YGR279C",TRUE
"YKL148C",TRUE
"YLL041C",TRUE
"YKL141W",FALSE
"YOL071W",FALSE
"YBR269C",TRUE
"YLR022C",FALSE
"YKL193C",TRUE
"YGL056C",TRUE
"YBR214W",TRUE
"YDR164C",FALSE
"YIR022W",FALSE
"YNR026C",FALSE
"YLR208W",TRUE
"YMR079W",TRUE
"YGL233W",FALSE
"YPL085W",FALSE
"YBL050W",FALSE
"YBR080C",FALSE
"YNL287W",FALSE
"YLR268W",FALSE
"YPR181C",FALSE
"YIL109C",FALSE
"YDR238C",TRUE
"YGL137W",FALSE
"YIL076W",FALSE
"YDL195W",FALSE
"YLR440C",FALSE
"YFL005W",FALSE
"YDR166C",FALSE
"YFL045C",FALSE
"YIL068C",FALSE
"YLR378C",FALSE
"YPL094C",FALSE
"YOR254C",FALSE
"YML105C",FALSE
"YBR171W",FALSE
"YDR170C",FALSE
"YLR292C",TRUE
"YPR055W",FALSE
"YGR009C",FALSE
"YCR067C",FALSE
"YMR086W",TRUE
"YGL100W",FALSE
"YLR430W",FALSE
"YOR184W",TRUE
"YGR208W",FALSE
"YER081W",TRUE
"YIL074C",TRUE
"YDR023W",FALSE
"YOR165W",FALSE
"YDL168W",FALSE
"YNL049C",TRUE
"YHR098C",FALSE
"YLR321C",FALSE
"YJL145W",FALSE
"YOR021C",TRUE
"YBL102W",FALSE
"YJR134C",FALSE
"YIR001C",FALSE
"YMR190C",TRUE
"YOR057W",TRUE
"YOR007C",FALSE
"YPR161C",FALSE
"YKR043C",FALSE
"YGL228W",TRUE
"YKL130C",FALSE
"YBR130C",FALSE
"YOR035C",FALSE
"YBR263W",FALSE
"YLR058C",TRUE
"YBL058W",FALSE
"YDL212W",FALSE
"YDL225W",TRUE
"YBR103W",FALSE
"YOL031C",TRUE
"YIL123W",TRUE
"YOL004W",FALSE
"YMR175W",TRUE
"YNL007C",FALSE
"YDL047W",FALSE
"YKR100C",FALSE
"YLR398C",FALSE
"YPR189W",FALSE
"YGR195W",TRUE
"YGL213C",TRUE
"YDR328C",TRUE
"YMR216C",FALSE
"YBL007C",FALSE
"YNL243W",FALSE
"YDL052C",TRUE
"YDR515W",FALSE
"YIL105C",TRUE
"YBR077C",FALSE
"YHR030C",FALSE
"YDR189W",FALSE
"YER029C",FALSE
"YFL008W",FALSE
"YJL074C",FALSE
"YLR275W",TRUE
"YLR147C",TRUE
"YLR034C",FALSE
"YGR229C",FALSE
"YML058W",FALSE
"YDR510W",TRUE
"YKL079W",FALSE
"YOR327C",TRUE
"YDR477W",TRUE
"YGL115W",FALSE
"YLR025W",TRUE
"YIL016W",FALSE
"YDR011W",FALSE
"YKL173W",FALSE
"YEL026W",TRUE
"YOR308C",FALSE
"YOR357C",TRUE
"YJL036W",FALSE
"YJR104C",TRUE
"YHR008C",TRUE
"YLL011W",FALSE
"YDR006C",FALSE
"YNR034W",TRUE
"YCR073W-A",TRUE
"YHR163W",TRUE
"YGR248W",TRUE
"YLL021W",FALSE
"YCL054W",TRUE
"YFL002C",FALSE
"YJR010C-A",TRUE
"YML055W",FALSE
"YLR066W",TRUE
"YOL052C",FALSE
"YPR069C",TRUE
"YLR146C",FALSE
"YEL031W",FALSE
"YMR107W",TRUE
"YPR133C",FALSE
"YDR464W",FALSE
"YER148W",FALSE
"YGL207W",TRUE
"YML010W",FALSE
"YGR116W",FALSE
"YLR055C",FALSE
"YHR041C",TRUE
"YML034W",TRUE
"YGL097W",FALSE
"YPR032W",FALSE
"YCL037C",TRUE
"YNL189W",FALSE
"YDR292C",FALSE
"YDL092W",FALSE
"YKR092C",FALSE
"YPR088C",FALSE
"YPL243W",FALSE
"YPL210C",FALSE
"YNL138W",FALSE
"YKL218C",FALSE
"YAL005C",TRUE
"YLL024C",TRUE
"YBL075C",FALSE
"YER103W",TRUE
"YDL229W",TRUE
"YNL209W",TRUE
"YJR045C",FALSE
"YDR293C",FALSE
"YPL106C",FALSE
"YBR169C",TRUE
"YBR283C",FALSE
"YIL143C",FALSE
"YIL030C",FALSE
"YPL232W",TRUE
"YMR183C",FALSE
"YLR250W",TRUE
"YLR369W",FALSE
"YDR086C",FALSE
"YLR452C",FALSE
"YHR064C",FALSE
"YLR362W",TRUE
"YHL007C",FALSE
"YLR389C",TRUE
"YJR117W",FALSE
"YDL130W-A",TRUE
"YGR008C",FALSE
"YIL126W",FALSE
"YOR027W",FALSE
"YLR150W",TRUE
"YMR125W",FALSE
"YCL008C",TRUE
"YGL184C",FALSE
"YGL022W",TRUE
"YLR305C",FALSE
"YLR045C",FALSE
"YMR054W",FALSE
"YMR039C",FALSE
"YDL084W",FALSE
"YIL162W",TRUE
"YNL244C",FALSE
"YJR007W",FALSE
"YPL237W",FALSE
"YDR172W",FALSE
"YBR143C",FALSE
"YDR297W",FALSE
"YML052W",TRUE
"YDR346C",TRUE
"YPL032C",FALSE
"YHR181W",TRUE
"YAR042W",FALSE
"YPL016W",FALSE
"YLR182W",FALSE
"YMR149W",FALSE
"YDR395W",FALSE
"YPL105C",FALSE
"YCR030C",TRUE
"YBR261C",FALSE
"YDR145W",FALSE
"YPL129W",TRUE
"YBR198C",FALSE
"YGL112C",FALSE
"YMR236W",FALSE
"YJR046W",FALSE
"YLR354C",TRUE
"YGL232W",FALSE
"YMR028W",TRUE
"YPL128C",TRUE
"YOR086C",FALSE
"YNL087W",FALSE
"YML072C",FALSE
"YKL027W",FALSE
"YDR212W",FALSE
"YMR291W",TRUE
"YGR205W",TRUE
"YER071C",FALSE
"YHR009C",FALSE
"YJL052W",TRUE
"YJR009C",TRUE
"YGR192C",TRUE
"YIL039W",FALSE
"YPR080W",FALSE
"YKL081W",TRUE
"YJR019C",FALSE
"YKL028W",FALSE
"YKR062W",FALSE
"YGR186W",FALSE
"YGR005C",TRUE
"YLR178C",TRUE
"YKL140W",FALSE
"YMR313C",TRUE
"YOL055C",TRUE
"YDL080C",FALSE
"YPL214C",TRUE
"YOR143C",TRUE
"YER063W",FALSE
"YNL139C",FALSE
"YHR025W",TRUE
"YCR053W",FALSE
"YIL078W",FALSE
"YKR059W",TRUE
"YMR260C",TRUE
"YPR163C",TRUE
"YMR146C",FALSE
"YDR429C",FALSE
"YGR162W",FALSE
"YGL049C",FALSE
"YPR041W",FALSE
"YPR016C",TRUE
"YDR322C-A",TRUE
"YGR181W",FALSE
"YJL143W",FALSE
"YGR033C",FALSE
"YNR017W",FALSE
"YIL022W",FALSE
"YPL063W",TRUE
"YJR135W-A",TRUE
"YEL020W-A",TRUE
"YPR040W",TRUE
"YPR074C",FALSE
"YBR117C",TRUE
"YLR327C",FALSE
"YIL137C",FALSE
"YDL110C",TRUE
"YKL056C",FALSE
"YER007C-A",FALSE
"YJR014W",FALSE
"YOR091W",FALSE
"YDR117C",TRUE
"YLR262C-A",TRUE
"YER175C",TRUE
"YKL058W",FALSE
"YDR457W",FALSE
"YGR082W",TRUE
"YNL131W",TRUE
"YMR203W",TRUE
"YPR133W-A",TRUE
"YNL070W",FALSE
"YNL121C",FALSE
"YHR117W",FALSE
"YOL006C",FALSE
"YNL088W",FALSE
"YKL203C",FALSE
"YBR162C",TRUE
"YER049W",TRUE
"YAL016W",TRUE
"YDR050C",TRUE
"YJL164C",FALSE
"YPL203W",TRUE
"YNL079C",FALSE
"YIL138C",TRUE
"YPR156C",TRUE
"YOR273C",FALSE
"YBR126C",TRUE
"YDR074W",TRUE
"YMR261C",FALSE
"YHR099W",TRUE
"YJL087C",FALSE
"YDR120C",TRUE
"YNR046W",FALSE
"YDL112W",FALSE
"YPL030W",FALSE
"YHR070W",TRUE
"YBR061C",FALSE
"YDL201W",FALSE
"YDR165W",TRUE
"YML014W",TRUE
"YDR007W",TRUE
"YER090W",TRUE
"YKL211C",TRUE
"YDR354W",FALSE
"YGL026C",TRUE
"YDR353W",TRUE
"YDR407C",FALSE
"YMR218C",FALSE
"YDR472W",FALSE
"YOR115C",FALSE
"YLR043C",TRUE
"YGR209C",TRUE
"YCR083W",TRUE
"YML028W",TRUE
"YDR453C",TRUE
"YDL015C",TRUE
"YBR058C-A",TRUE
"YML100W",TRUE
"YOL022C",FALSE
"YML085C",FALSE
"YFL037W",FALSE
"YML124C",FALSE
"YOR187W",TRUE
"YOR251C",TRUE
"YCR084C",FALSE
"YMR071C",TRUE
"YGR080W",FALSE
"YBR166C",FALSE
"YGR185C",FALSE
"YPL207W",FALSE
"YGL050W",TRUE
"YOR295W",FALSE
"YKL210W",FALSE
"YDR390C",FALSE
"YHR111W",TRUE
"YDR177W",FALSE
"YDR092W",TRUE
"YMR022W",TRUE
"YDL064W",TRUE
"YDL122W",FALSE
"YBR058C",TRUE
"YMR304W",FALSE
"YOR124C",TRUE
"YER151C",FALSE
"YFR010W",FALSE
"YGR184C",FALSE
"YML013W",FALSE
"YMR067C",TRUE
"YDR330W",FALSE
"YBR273C",FALSE
"YGR048W",TRUE
"YDL190C",FALSE
"YKL010C",FALSE
"YGR019W",TRUE
"YBR006W",TRUE
"YDR470C",TRUE
"YKL035W",FALSE
"YPL186C",TRUE
"YIL031W",FALSE
"YKL216W",FALSE
"YMR271C",TRUE
"YJL130C",FALSE
"YEL021W",TRUE
"YLR420W",TRUE
"YML106W",TRUE
"YKL024C",FALSE
"YBL039C",TRUE
"YJR103W",FALSE
"YKL014C",TRUE
"YNL229C",TRUE
"YIL008W",FALSE
"YDL058W",FALSE
"YKR042W",FALSE
"YJL109C",TRUE
"YLR222C",FALSE
"YML093W",FALSE
"YMR093W",TRUE
"YBL004W",FALSE
"YLR409C",FALSE
"YGR090W",FALSE
"YIL091C",FALSE
"YDR324C",FALSE
"YDR449C",FALSE
"YER082C",FALSE
"YGR128C",FALSE
"YHR196W",TRUE
"YJR049C",TRUE
"YEL040W",TRUE
"YEL038W",FALSE
"YLR386W",FALSE
"YEL013W",TRUE
"YML115C",FALSE
"YGR094W",FALSE
"YMR088C",FALSE
"YNL212W",TRUE
"YGL227W",TRUE
"YLR410W",FALSE
"YDL185W",TRUE
"YHR039C-A",TRUE
"YPR036W",FALSE
"YBR127C",FALSE
"YHR060W",FALSE
"YOR332W",FALSE
"YKL080W",TRUE
"YLR447C",FALSE
"YGR020C",FALSE
"YEL051W",TRUE
"YNL321W",FALSE
"YOR270C",FALSE
"YKR001C",FALSE
"YLL040C",FALSE
"YOR132W",TRUE
"YOR089C",TRUE
"YNR006W",FALSE
"YHR012W",FALSE
"YDR495C",FALSE
"YPL120W",FALSE
"YJL154C",TRUE
"YPR173C",FALSE
"YGL095C",FALSE
"YOR069W",FALSE
"YDR027C",TRUE
"YDR372C",TRUE
"YGL225W",FALSE
"YLR337C",FALSE
"YFL004W",FALSE
"YPL019C",FALSE
"YJL012C",TRUE
"YMR197C",TRUE
"YEL002C",TRUE
"YOR043W",TRUE
"YNL197C",FALSE
"YOL097C",TRUE
"YOR230W",TRUE
"YFL010C",TRUE
"YGR194C",TRUE
"YJR133W",TRUE
"YGL173C",FALSE
"YPL252C",FALSE
"YJL141C",TRUE
"YML007W",TRUE
"YPL239W",FALSE
"YBL029C-A",TRUE
"YBL036C",FALSE
"YBL055C",FALSE
"YGL060W",FALSE
"YBR053C",TRUE
"YBR056W",TRUE
"YBR085C-A",TRUE
"YBR096W",FALSE
"YBR287W",TRUE
"YLL048C",TRUE
"YDR135C",TRUE
"YGR203W",FALSE
"YHR135C",FALSE
"YNL154C",FALSE
"YCL042W",TRUE
"YCR004C",TRUE
"YCR016W",FALSE
"YCR043C",FALSE
"YCR051W",TRUE
"YCR090C",FALSE
"YPL087W",FALSE
"YNL064C",FALSE
"YDL085C-A",TRUE
"YDL086W",TRUE
"YDL124W",TRUE
"YDL144C",TRUE
"YDR061W",FALSE
"YDR248C",FALSE
"YDR341C",FALSE
"YDR391C",FALSE
"YLR249W",TRUE
"YEL073C",TRUE
"YER010C",FALSE
"YER079W",FALSE
"YER134C",FALSE
"YER156C",TRUE
"YER188W",TRUE
"YKL065C",FALSE
"YDL072C",FALSE
"YDL120W",FALSE
"YFR006W",TRUE
"YFR016C",FALSE
"YGL101W",FALSE
"YGL039W",TRUE
"YGL082W",FALSE
"YGL108C",TRUE
"YGL140C",FALSE
"YGL185C",FALSE
"YGL242C",FALSE
"YNL160W",FALSE
"YGR017W",FALSE
"YGR054W",FALSE
"YGR111W",TRUE
"YGR125W",FALSE
"YGR130C",TRUE
"YGR201C",TRUE
"YGR210C",FALSE
"YGR250C",TRUE
"YGR266W",TRUE
"YGR234W",TRUE
"YHR029C",TRUE
"YMR241W",FALSE
"YHR020W",TRUE
"YHR045W",FALSE
"YHR097C",TRUE
"YHR112C",FALSE
"YHR122W",FALSE
"YHR127W",FALSE
"YHR138C",TRUE
"YHR202W",TRUE
"YIL002W-A",TRUE
"YIL108W",FALSE
"YIL156W-B",TRUE
"YMR152W",FALSE
"YGR172C",TRUE
"YNL044W",TRUE
"YGL198W",FALSE
"YIR035C",TRUE
"YJL055W",TRUE
"YJL068C",FALSE
"YJL133C-A",FALSE
"YJL171C",TRUE
"YJR096W",TRUE
"YJR142W",FALSE
"YKL094W",FALSE
"YLR200W",FALSE
"YKL033W-A",FALSE
"YKL065W-A",TRUE
"YKL069W",FALSE
"YKL091C",FALSE
"YKL100C",TRUE
"YKR018C",FALSE
"YKL196C",FALSE
"YPR125W",FALSE
"YLR118C",FALSE
"YLR126C",TRUE
"YLR177W",FALSE
"YLR179C",TRUE
"YLR225C",FALSE
"YLR257W",TRUE
"YLR287C",FALSE
"YLR345W",FALSE
"YLR352W",FALSE
"YLR361C-A",TRUE
"YLR419W",FALSE
"YLR460C",FALSE
"YPR058W",FALSE
"YPR024W",FALSE
"YMR302C",TRUE
"YML079W",TRUE
"YML131W",TRUE
"YML025C",TRUE
"YMR027W",FALSE
"YMR074C",FALSE
"YMR087W",FALSE
"YMR090W",TRUE
"YMR099C",FALSE
"YMR178W",TRUE
"YMR196W",TRUE
"YMR209C",TRUE
"YMR226C",FALSE
"YMR295C",TRUE
"YFR049W",TRUE
"YMR315W",TRUE
"YKL067W",TRUE
"YNL040W",FALSE
"YNL108C",TRUE
"YNL115C",TRUE
"YNL134C",TRUE
"YNL181W",FALSE
"YNL194C",FALSE
"YNL208W",TRUE
"YNL247W",FALSE
"YNR021W",FALSE
"YNR034W-A",TRUE
"YOL057W",FALSE
"YOL098C",FALSE
"YPR028W",TRUE
"YOR020W-A",FALSE
"YGR281W",FALSE
"YOR131C",TRUE
"YOR283W",FALSE
"YOR289W",TRUE
"YDR057W",FALSE
"YDL235C",TRUE
"YFR003C",FALSE
"YKL126W",TRUE
"YMR104C",TRUE
"YOR291W",FALSE
"YPL067C",FALSE
"YPL199C",FALSE
"YPL225W",TRUE
"YPL247C",TRUE
"YGR198W",TRUE
"YOL092W",TRUE
"YPR010C-A",TRUE
"YPR063C",TRUE
"YPR089W",FALSE
"YPR097W",FALSE
"YDR368W",TRUE
"YPR114W",TRUE
"YPR127W",TRUE
"YPR148C",TRUE
"YPR172W",FALSE
"YLR120C",FALSE
"YFL038C",TRUE
"YBR264C",TRUE
"YER031C",FALSE
"YGL210W",TRUE
"YKR014C",FALSE
"YLR262C",TRUE
"YML001W",TRUE
"YDR381W",FALSE
"YKL214C",TRUE
"YDR002W",TRUE
"YIL063C",FALSE
"YGL164C",FALSE
"YBR054W",TRUE
"YBR111C",TRUE
"YHR017W",FALSE
"YHR016C",FALSE
"YMR089C",FALSE
"YOR272W",FALSE
"YJR099W",FALSE
"YIR026C",FALSE
"YOL109W",TRUE
"YNR029C",FALSE
"YGR211W",TRUE
"YOL154W",TRUE
"YMR243C",TRUE
"YGL255W",TRUE
"YKL175W",TRUE
"YBR046C",TRUE
"YGR285C",TRUE
"YNL241C",TRUE
