"ORF","EC.ID"
"Q0045","1.9.3.1"
"Q0065","1.9.3.1"
"Q0070","1.9.3.1"
"Q0080","3.6.3.14"
"Q0085","3.6.3.14"
"Q0105","1.10.2.2"
"Q0110","1.10.2.2"
"Q0115","1.10.2.2"
"Q0120","1.10.2.2"
"Q0130","3.6.3.14"
"Q0250","1.9.3.1"
"Q0275","1.9.3.1"
"YAL012W","4.4.1.1"
"YAL015C","4.2.99.18"
"YAL021C","3.1.-.-"
"YAL023C","2.4.1.109"
"YAL033W","3.1.26.5"
"YAL038W","2.7.1.40"
"YAL039C","4.4.1.17"
"YAL054C","6.2.1.1"
"YAL060W","1.1.1.303"
"YAL060W","1.1.1.4"
"YAL061W","1.1.1.303"
"YAL061W","1.1.1.4"
"YAL062W","1.4.1.4"
"YAR015W","6.3.2.6"
"YAR019C","2.7.11.1"
"YAR035W","2.3.1.7"
"YAR071W","3.1.3.2"
"YBL011W","2.3.1.42"
"YBL011W","2.3.1.15"
"YBL013W","2.1.2.9"
"YBL015W","3.1.2.1"
"YBL016W","2.7.11.24"
"YBL018C","3.1.26.5"
"YBL019W","4.2.99.18"
"YBL033C","3.5.4.25"
"YBL039C","6.3.4.2"
"YBL041W","3.4.25.1"
"YBL045C","1.10.2.2"
"YBL068W","2.7.6.1"
"YBL076C","6.1.1.5"
"YBL080C","6.3.5.7"
"YBL080C","6.3.5.6"
"YBL082C","2.4.1.130"
"YBL098W","1.14.13.9"
"YBL099W","3.6.3.14"
"YBL105C","2.7.11.13"
"YBR001C","3.2.1.28"
"YBR002C","2.5.1.-"
"YBR003W","2.5.1.83"
"YBR003W","2.5.1.82"
"YBR004C","2.4.1.-"
"YBR006W","1.2.1.16"
"YBR011C","3.6.1.1"
"YBR015C","2.4.1.-"
"YBR018C","2.7.7.12"
"YBR019C","5.1.3.2"
"YBR019C","5.1.3.3"
"YBR020W","2.7.1.6"
"YBR023C","2.4.1.16"
"YBR026C","1.3.1.38"
"YBR029C","2.7.7.41"
"YBR035C","1.4.3.5"
"YBR038W","2.4.1.16"
"YBR039W","3.6.3.14"
"YBR070C","2.4.1.141"
"YBR073W","3.6.4.-"
"YBR082C","6.3.2.19"
"YBR084W","6.3.4.3"
"YBR084W","3.5.4.9"
"YBR084W","1.5.1.5"
"YBR092C","3.1.3.2"
"YBR093C","3.1.3.2"
"YBR097W","2.7.11.1"
"YBR110W","2.4.1.142"
"YBR111C","3.6.1.13"
"YBR115C","1.2.1.31"
"YBR117C","2.2.1.1"
"YBR118W","3.6.5.3"
"YBR121C","6.1.1.14"
"YBR126C","2.4.1.15"
"YBR127C","3.6.3.14"
"YBR133C","2.1.1.125"
"YBR145W","1.1.1.1"
"YBR153W","1.1.1.193"
"YBR159W","1.1.1.-"
"YBR160W","2.7.11.22"
"YBR166C","1.3.1.13"
"YBR167C","3.1.26.5"
"YBR176W","2.1.2.11"
"YBR183W","3.5.1.-"
"YBR196C","5.3.1.9"
"YBR205W","2.4.1.-"
"YBR208C","3.5.1.54"
"YBR208C","6.3.4.6"
"YBR213W","4.99.1.4"
"YBR213W","1.3.1.76"
"YBR218C","6.4.1.1"
"YBR221C","1.2.4.1"
"YBR229C","3.2.1.84"
"YBR236C","2.1.1.56"
"YBR237W","3.6.4.13"
"YBR243C","2.7.8.15"
"YBR244W","1.11.1.9"
"YBR248C","4.1.3.-"
"YBR248C","2.4.2.-"
"YBR249C","2.5.1.54"
"YBR252W","3.6.1.23"
"YBR256C","2.5.1.9"
"YBR257W","3.1.26.5"
"YBR263W","2.1.2.1"
"YBR265W","1.1.1.102"
"YBR274W","2.7.11.1"
"YBR278W","2.7.7.7"
"YBR299W","3.2.1.20"
"YCL004W","2.7.8.5"
"YCL009C","2.2.1.6"
"YCL017C","2.8.1.7"
"YCL018W","1.1.1.85"
"YCL030C","1.1.1.23"
"YCL030C","3.5.4.19"
"YCL030C","3.6.1.31"
"YCL040W","2.7.1.1"
"YCL043C","5.3.4.1"
"YCL050C","2.7.7.5"
"YCL050C","2.7.7.53"
"YCL054W","2.1.1.-"
"YCL064C","4.3.1.17"
"YCL064C","4.3.1.19"
"YCR005C","2.3.3.1"
"YCR012W","2.7.2.3"
"YCR014C","2.7.7.7"
"YCR024C","6.1.1.22"
"YCR034W","2.3.1.-"
"YCR036W","2.7.1.15"
"YCR048W","2.3.1.26"
"YCR053W","4.2.3.1"
"YCR073C","2.7.11.25"
"YCR073W-A","3.1.1.31"
"YCR105W","1.1.1.2"
"YCR107W","1.1.1.-"
"YDL004W","3.6.3.14"
"YDL014W","2.1.1.-"
"YDL015C","1.3.1.-"
"YDL017W","2.7.11.1"
"YDL021W","5.4.2.1"
"YDL022W","1.1.1.8"
"YDL024C","3.1.3.2"
"YDL028C","2.7.12.1"
"YDL033C","2.8.1.-"
"YDL037C","3.2.1.3"
"YDL045C","2.7.7.2"
"YDL052C","2.3.1.51"
"YDL055C","2.7.7.13"
"YDL064W","6.3.2.19"
"YDL066W","1.1.1.42"
"YDL067C","1.9.3.1"
"YDL078C","1.1.1.37"
"YDL080C","4.1.1.1"
"YDL084W","3.6.4.13"
"YDL085W","1.6.99.3"
"YDL086W","3.1.1.45"
"YDL093W","2.4.1.109"
"YDL095W","2.4.1.109"
"YDL101C","2.7.11.1"
"YDL102W","2.7.7.7"
"YDL103C","2.7.7.23"
"YDL108W","2.7.11.22"
"YDL131W","2.3.3.14"
"YDL134C","3.1.3.16"
"YDL140C","2.7.7.6"
"YDL141W","6.3.4.15"
"YDL141W","6.3.4.11"
"YDL141W","6.3.4.10"
"YDL141W","6.3.4.9"
"YDL142C","2.7.8.-"
"YDL150W","2.7.7.6"
"YDL159W","2.7.12.2"
"YDL160C","3.6.4.13"
"YDL164C","6.5.1.1"
"YDL166C","2.7.4.3"
"YDL168W","1.1.1.1"
"YDL168W","1.1.1.284"
"YDL171C","1.4.1.14"
"YDL171C","1.4.1.13"
"YDL174C","1.1.2.4"
"YDL182W","2.3.3.14"
"YDL185W","3.6.3.14"
"YDL188C","3.1.3.16"
"YDL190C","6.3.2.19"
"YDL205C","2.5.1.61"
"YDL215C","1.4.1.2"
"YDL238C","3.5.4.3"
"YDL243C","1.1.1.-"
"YDL246C","1.1.1.14"
"YDR001C","3.2.1.28"
"YDR007W","5.3.1.24"
"YDR009W","2.7.1.6"
"YDR019C","2.1.2.10"
"YDR021W","3.6.4.13"
"YDR023W","6.1.1.11"
"YDR035W","2.5.1.54"
"YDR037W","6.1.1.6"
"YDR044W","1.3.3.3"
"YDR045C","2.7.7.6"
"YDR047W","4.1.1.37"
"YDR050C","5.3.1.1"
"YDR054C","6.3.2.19"
"YDR058C","3.1.1.3"
"YDR059C","6.3.2.19"
"YDR062W","2.3.1.50"
"YDR069C","3.1.2.15"
"YDR074W","2.4.1.15"
"YDR074W","3.1.3.12"
"YDR092W","6.3.2.19"
"YDR111C","2.6.1.2"
"YDR121W","2.7.7.7"
"YDR127W","2.5.1.19"
"YDR127W","2.7.1.71"
"YDR127W","1.1.1.25"
"YDR127W","4.2.1.10"
"YDR127W","4.2.3.4"
"YDR147W","2.7.1.82"
"YDR148C","2.3.1.61"
"YDR156W","2.7.7.6"
"YDR158W","1.2.1.11"
"YDR173C","2.7.1.151"
"YDR177W","6.3.2.19"
"YDR178W","1.3.5.1"
"YDR196C","2.7.1.24"
"YDR208W","2.7.1.68"
"YDR226W","2.7.4.3"
"YDR232W","2.3.1.37"
"YDR234W","4.2.1.36"
"YDR236C","2.7.1.26"
"YDR242W","3.5.1.4"
"YDR243C","3.6.4.13"
"YDR245W","2.4.1.-"
"YDR248C","2.7.1.12"
"YDR256C","1.11.1.6"
"YDR261C","3.2.1.58"
"YDR268W","6.1.1.2"
"YDR272W","3.1.2.6"
"YDR283C","2.7.11.1"
"YDR287W","3.1.3.25"
"YDR294C","4.1.2.27"
"YDR297W","1.14.-.-"
"YDR298C","3.6.3.14"
"YDR300C","2.7.2.11"
"YDR302W","2.7.-.-"
"YDR305C","3.6.1.29"
"YDR307W","2.4.1.109"
"YDR321W","3.5.1.1"
"YDR331W","2.6.-.-"
"YDR341C","6.1.1.19"
"YDR347W","1.15.1.1"
"YDR353W","1.8.1.9"
"YDR354W","2.4.2.18"
"YDR368W","1.1.1.-"
"YDR371W","3.2.1.14"
"YDR377W","3.6.3.14"
"YDR380W","4.1.1.-"
"YDR386W","3.1.22.-"
"YDR390C","6.3.2.19"
"YDR402C","1.14.14.1"
"YDR408C","2.1.2.2"
"YDR428C","3.5.1.9"
"YDR440W","2.1.1.43"
"YDR441C","2.4.2.7"
"YDR454C","2.7.4.8"
"YDR457W","6.3.2.19"
"YDR465C","2.1.1.-"
"YDR477W","2.7.11.1"
"YDR481C","3.1.3.1"
"YDR483W","2.4.1.-"
"YDR487C","4.1.99.12"
"YDR502C","2.5.1.6"
"YDR507C","2.7.11.-"
"YDR518W","5.3.4.1"
"YDR523C","2.7.11.1"
"YDR529C","1.10.2.2"
"YDR530C","2.7.7.53"
"YDR531W","2.7.1.33"
"YEL011W","2.4.1.18"
"YEL012W","6.3.2.19"
"YEL020C","4.1.-.-"
"YEL021W","4.1.1.23"
"YEL024W","1.10.2.2"
"YEL027W","3.6.3.14"
"YEL029C","2.7.1.35"
"YEL036C","2.4.1.-"
"YEL038W","3.1.3.77"
"YEL046C","4.1.2.5"
"YEL051W","3.6.3.14"
"YEL058W","5.4.2.3"
"YEL070W","1.1.1.67"
"YER001W","2.4.1.-"
"YER003C","5.3.1.8"
"YER005W","3.6.1.5"
"YER012W","3.4.25.1"
"YER013W","3.6.4.13"
"YER014W","1.3.3.4"
"YER015W","6.2.1.3"
"YER023W","1.5.1.2"
"YER026C","2.7.8.8"
"YER043C","3.3.1.1"
"YER052C","2.7.2.4"
"YER055C","2.4.2.17"
"YER061C","2.3.1.179"
"YER062C","3.1.3.21"
"YER065C","4.1.3.1"
"YER068W","6.3.2.19"
"YER069W","2.7.2.8"
"YER069W","1.2.1.38"
"YER070W","1.17.4.1"
"YER073W","1.2.1.3"
"YER078C","3.4.-.-"
"YER081W","1.1.1.95"
"YER086W","4.3.1.19"
"YER087W","6.1.1.15"
"YER090W","4.1.3.27"
"YER091C","2.1.1.14"
"YER094C","3.4.25.1"
"YER099C","2.7.6.1"
"YER100W","6.3.2.19"
"YER125W","6.3.2.19"
"YER133W","3.1.3.16"
"YER142C","3.2.2.21"
"YER144C","3.1.2.15"
"YER168C","3.1.4.-"
"YER168C","3.1.3.-"
"YER168C","2.7.7.72"
"YER170W","2.7.4.3"
"YER171W","3.6.4.12"
"YER172C","3.6.4.13"
"YER178W","1.2.4.1"
"YER183C","6.3.3.2"
"YFL017C","2.3.1.4"
"YFL018C","1.8.1.4"
"YFL022C","6.1.1.20"
"YFL025C","3.-.-.-"
"YFL029C","2.7.11.22"
"YFL030W","2.6.1.51"
"YFL030W","2.6.1.45"
"YFL030W","2.6.1.44"
"YFL033C","2.7.11.1"
"YFL044C","3.1.2.-"
"YFL045C","5.4.2.8"
"YFL053W","2.7.1.29"
"YFL056C","1.1.1.-"
"YFL059W","4.-.-.-"
"YFL060C","2.6.-.-"
"YFR015C","2.4.1.11"
"YFR019W","2.7.1.150"
"YFR025C","3.1.3.15"
"YFR028C","3.1.3.48"
"YFR030W","1.8.1.2"
"YFR033C","1.10.2.2"
"YFR047C","2.4.2.19"
"YFR050C","3.4.25.1"
"YFR053C","2.7.1.1"
"YFR055W","4.4.1.8"
"YGL001C","1.1.1.170"
"YGL008C","3.6.3.6"
"YGL009C","4.2.1.33"
"YGL011C","3.4.25.1"
"YGL012W","1.3.1.71"
"YGL022W","2.4.1.119"
"YGL026C","4.2.1.20"
"YGL027C","3.2.1.106"
"YGL037C","3.5.1.19"
"YGL038C","2.4.1.232"
"YGL040C","4.2.1.24"
"YGL047W","2.4.1.141"
"YGL055W","1.14.19.1"
"YGL058W","6.3.2.19"
"YGL062W","6.4.1.1"
"YGL063W","4.2.1.70"
"YGL065C","2.4.1.-"
"YGL065C","2.4.1.132"
"YGL094C","3.1.13.4"
"YGL099W","3.6.1.-"
"YGL120C","3.6.4.13"
"YGL125W","1.5.1.20"
"YGL141W","6.3.2.19"
"YGL142C","2.4.1.-"
"YGL148W","4.2.3.5"
"YGL156W","3.2.1.24"
"YGL163C","3.6.4.-"
"YGL173C","3.1.13.-"
"YGL180W","2.7.11.1"
"YGL184C","4.4.1.8"
"YGL187C","1.9.3.1"
"YGL191W","1.9.3.1"
"YGL202W","2.6.1.5"
"YGL202W","2.6.1.27"
"YGL202W","2.6.1.57"
"YGL205W","1.3.3.6"
"YGL211W","2.7.7.-"
"YGL234W","6.3.3.1"
"YGL234W","6.3.4.13"
"YGL245W","6.1.1.17"
"YGL248W","3.1.4.17"
"YGL253W","2.7.1.1"
"YGL256W","1.1.1.1"
"YGL257C","2.4.1.-"
"YGR007W","2.7.7.14"
"YGR010W","2.7.7.18"
"YGR010W","2.7.7.1"
"YGR012W","2.5.1.47"
"YGR019W","2.6.1.22"
"YGR019W","2.6.1.19"
"YGR020C","3.6.3.14"
"YGR030C","3.1.26.5"
"YGR032W","2.4.1.34"
"YGR036C","3.6.1.43"
"YGR040W","2.7.11.24"
"YGR043C","2.2.1.2"
"YGR060W","1.14.13.72"
"YGR061C","6.3.5.3"
"YGR087C","4.1.1.1"
"YGR088W","1.11.1.6"
"YGR092W","2.7.11.-"
"YGR094W","6.1.1.9"
"YGR098C","3.4.22.49"
"YGR110W","3.1.1.-"
"YGR124W","6.3.5.4"
"YGR135W","3.4.25.1"
"YGR155W","4.2.1.22"
"YGR157W","2.1.1.17"
"YGR170W","4.1.1.65"
"YGR171C","6.1.1.10"
"YGR175C","1.14.99.7"
"YGR180C","1.17.4.1"
"YGR183C","1.10.2.2"
"YGR185C","6.1.1.1"
"YGR188C","2.7.11.1"
"YGR192C","1.2.1.12"
"YGR194C","2.7.1.17"
"YGR199W","2.4.1.109"
"YGR202C","2.7.7.15"
"YGR204W","6.3.4.3"
"YGR204W","3.5.4.9"
"YGR204W","1.5.1.5"
"YGR208W","3.1.3.3"
"YGR227W","2.4.1.-"
"YGR240C","2.7.1.11"
"YGR244C","6.2.1.5"
"YGR244C","6.2.1.4"
"YGR248W","3.1.1.31"
"YGR253C","3.4.25.1"
"YGR254W","4.2.1.11"
"YGR255C","1.14.13.-"
"YGR256W","1.1.1.44"
"YGR264C","6.1.1.10"
"YGR267C","3.5.4.16"
"YGR276C","3.1.-.-"
"YGR282C","3.2.1.58"
"YGR286C","2.8.1.6"
"YGR287C","3.2.1.20"
"YGR292W","3.2.1.20"
"YHL003C","2.3.1.24"
"YHL007C","2.7.11.1"
"YHL011C","2.7.6.1"
"YHL012W","2.7.7.9"
"YHL032C","2.7.1.30"
"YHR001W-A","1.10.2.2"
"YHR007C","1.14.13.70"
"YHR008C","1.15.1.1"
"YHR011W","6.1.1.11"
"YHR018C","4.3.2.1"
"YHR019C","6.1.1.22"
"YHR020W","6.1.1.15"
"YHR025W","2.7.1.39"
"YHR026W","3.6.3.14"
"YHR030C","2.7.11.24"
"YHR037W","1.5.1.12"
"YHR039C-A","3.6.3.14"
"YHR046C","3.1.3.25"
"YHR051W","1.9.3.1"
"YHR062C","3.1.26.5"
"YHR063C","1.1.1.169"
"YHR072W","5.4.99.7"
"YHR074W","6.3.5.1"
"YHR079C","3.1.26.-"
"YHR079C","2.7.11.1"
"YHR091C","6.1.1.19"
"YHR104W","1.1.1.21"
"YHR104W","1.1.1.-"
"YHR106W","1.8.1.9"
"YHR119W","2.1.1.43"
"YHR123W","2.7.8.1"
"YHR128W","2.4.2.9"
"YHR135C","2.7.11.1"
"YHR137W","2.6.1.28"
"YHR137W","2.6.1.58"
"YHR144C","3.5.4.12"
"YHR163W","3.1.1.31"
"YHR164C","3.6.4.12"
"YHR174W","4.2.1.11"
"YHR183W","1.1.1.44"
"YHR190W","2.5.1.21"
"YHR201C","3.6.1.11"
"YHR208W","2.6.1.42"
"YHR215W","3.1.3.2"
"YHR216W","1.1.1.205"
"YIL005W","5.3.4.1"
"YIL009W","6.2.1.3"
"YIL014W","2.4.1.-"
"YIL020C","5.3.1.16"
"YIL030C","6.3.2.19"
"YIL035C","2.7.11.1"
"YIL043C","1.6.2.2"
"YIL053W","3.1.3.21"
"YIL066C","1.17.4.1"
"YIL074C","1.1.1.95"
"YIL078W","6.1.1.3"
"YIL094C","1.1.1.87"
"YIL099W","3.2.1.3"
"YIL107C","2.7.1.105"
"YIL111W","1.9.3.1"
"YIL116W","2.6.1.9"
"YIL124W","1.1.1.101"
"YIL125W","1.2.4.2"
"YIL139C","2.7.7.7"
"YIL143C","3.6.4.12"
"YIL145C","6.3.2.1"
"YIL147C","2.7.13.3"
"YIL155C","1.1.5.3"
"YIL160C","2.3.1.16"
"YIL162W","3.2.1.26"
"YIL172C","3.2.1.20"
"YIR008C","2.7.7.-"
"YIR015W","3.1.26.5"
"YIR019C","3.2.1.3"
"YIR022W","3.4.-.-"
"YIR027C","3.5.2.5"
"YIR029W","3.5.3.4"
"YIR031C","2.3.3.9"
"YIR032C","3.5.3.19"
"YIR034C","1.5.1.7"
"YIR037W","1.11.1.9"
"YIR038C","2.5.1.18"
"YJL001W","3.4.25.1"
"YJL005W","4.6.1.1"
"YJL026W","1.17.4.1"
"YJL045W","1.3.5.1"
"YJL046W","2.7.7.63"
"YJL050W","3.6.4.13"
"YJL052W","1.2.1.12"
"YJL060W","2.6.1.7"
"YJL068C","3.1.2.12"
"YJL071W","2.3.1.1"
"YJL088W","2.1.3.3"
"YJL091C","2.3.-.-"
"YJL092W","3.6.4.12"
"YJL095W","2.7.11.1"
"YJL097W","4.2.1.-"
"YJL101C","6.3.2.2"
"YJL106W","2.7.11.1"
"YJL121C","5.1.3.1"
"YJL128C","2.7.12.2"
"YJL130C","2.1.3.2"
"YJL130C","6.3.5.5"
"YJL132W","3.1.4.50"
"YJL134W","3.1.3.-"
"YJL148W","2.7.7.6"
"YJL153C","5.5.1.4"
"YJL155C","3.1.3.46"
"YJL155C","2.7.1.105"
"YJL164C","2.7.11.11"
"YJL166W","1.10.2.2"
"YJL167W","2.5.1.10"
"YJL167W","2.5.1.1"
"YJL168C","2.1.1.43"
"YJL183W","2.4.1.-"
"YJL186W","2.4.1.-"
"YJL187C","2.7.11.1"
"YJL196C","2.3.1.-"
"YJL200C","4.2.1.3"
"YJL216C","3.2.1.20"
"YJL218W","2.3.1.-"
"YJL221C","3.2.1.20"
"YJR009C","1.2.1.12"
"YJR010C-A","3.4.-.-"
"YJR010W","2.7.7.4"
"YJR013W","2.4.1.-"
"YJR016C","4.2.1.9"
"YJR019C","3.1.2.2"
"YJR024C","4.2.1.109"
"YJR025C","1.13.11.6"
"YJR057W","2.7.4.9"
"YJR063W","2.7.7.6"
"YJR075W","2.4.1.-"
"YJR078W","1.13.11.52"
"YJR101W","1.15.1.1"
"YJR103W","6.3.4.2"
"YJR104C","1.15.1.1"
"YJR105W","2.7.1.20"
"YJR109C","6.3.5.5"
"YJR121W","3.6.3.14"
"YJR130C","2.5.1.48"
"YJR131W","3.2.1.113"
"YJR137C","1.8.1.2"
"YJR139C","1.1.1.3"
"YJR143C","2.4.1.109"
"YJR148W","2.6.1.42"
"YJR153W","3.2.1.15"
"YJR155W","1.1.1.-"
"YJR159W","1.1.1.14"
"YKL001C","2.7.1.25"
"YKL008C","2.3.1.24"
"YKL010C","6.3.2.19"
"YKL016C","3.6.3.14"
"YKL024C","2.7.4.14"
"YKL024C","2.7.4.-"
"YKL026C","1.11.1.9"
"YKL029C","1.1.1.38"
"YKL035W","2.7.7.9"
"YKL045W","2.7.7.-"
"YKL060C","4.1.2.13"
"YKL067W","2.7.4.6"
"YKL080W","3.6.3.14"
"YKL085W","1.1.1.37"
"YKL087C","4.4.1.17"
"YKL088W","4.1.1.36"
"YKL101W","2.7.11.-"
"YKL104C","2.6.1.16"
"YKL106W","2.6.1.1"
"YKL113C","3.-.-.-"
"YKL114C","4.2.99.18"
"YKL127W","5.4.2.2"
"YKL132C","6.3.2.17"
"YKL141W","1.3.5.1"
"YKL144C","2.7.7.6"
"YKL148C","1.3.5.1"
"YKL150W","1.6.2.2"
"YKL152C","5.4.2.1"
"YKL165C","2.7.-.-"
"YKL166C","2.7.11.11"
"YKL181W","2.7.6.1"
"YKL182W","2.3.1.86"
"YKL184W","4.1.1.17"
"YKL192C","1.6.99.3"
"YKL192C","1.6.5.3"
"YKL194C","6.1.1.3"
"YKL210W","6.3.2.19"
"YKL211C","4.1.1.48"
"YKL211C","4.1.3.27"
"YKL215C","3.5.2.9"
"YKL216W","1.3.3.1"
"YKR002W","2.7.7.19"
"YKR009C","1.1.1.-"
"YKR009C","4.2.1.-"
"YKR031C","3.1.4.4"
"YKR043C","5.4.2.1"
"YKR053C","3.1.3.-"
"YKR067W","2.3.1.42"
"YKR067W","2.3.1.15"
"YKR069W","2.1.1.107"
"YKR079C","3.1.26.11"
"YKR080W","1.5.1.15"
"YKR086W","3.6.4.13"
"YKR097W","4.1.1.49"
"YLL001W","3.6.5.5"
"YLL018C","6.1.1.12"
"YLL036C","6.3.2.19"
"YLL041C","1.3.5.1"
"YLL058W","2.5.1.48"
"YLR017W","2.4.2.28"
"YLR027C","2.6.1.1"
"YLR028C","3.5.4.10"
"YLR028C","2.1.2.3"
"YLR038C","1.9.3.1"
"YLR044C","4.1.1.1"
"YLR056W","1.3.3.-"
"YLR057W","3.2.1.113"
"YLR058C","2.1.2.1"
"YLR059C","3.1.-.-"
"YLR060W","6.1.1.20"
"YLR066W","3.4.-.-"
"YLR070C","1.1.1.9"
"YLR089C","2.6.1.2"
"YLR100W","1.1.1.270"
"YLR109W","1.11.1.15"
"YLR113W","2.7.11.24"
"YLR133W","2.7.1.32"
"YLR134W","4.1.1.74"
"YLR142W","1.5.99.8"
"YLR146C","2.5.1.22"
"YLR153C","6.2.1.1"
"YLR155C","3.5.1.1"
"YLR157C","3.5.1.1"
"YLR158C","3.5.1.1"
"YLR160C","3.5.1.1"
"YLR164W","1.3.5.1"
"YLR174W","1.1.1.42"
"YLR175W","5.4.99.-"
"YLR180W","2.5.1.6"
"YLR209C","2.4.2.1"
"YLR231C","3.7.1.3"
"YLR234W","5.99.1.2"
"YLR239C","2.3.1.181"
"YLR240W","2.7.1.137"
"YLR245C","3.5.4.5"
"YLR258W","2.4.1.11"
"YLR260W","2.7.1.91"
"YLR270W","3.-.-.-"
"YLR277C","3.1.27.-"
"YLR286C","3.2.1.14"
"YLR295C","3.6.3.14"
"YLR299W","2.3.2.2"
"YLR300W","3.2.1.58"
"YLR303W","2.5.1.47"
"YLR303W","2.5.1.49"
"YLR304C","4.2.1.3"
"YLR305C","2.7.1.67"
"YLR306W","6.3.2.19"
"YLR307W","3.5.1.41"
"YLR308W","3.5.1.41"
"YLR328W","2.7.7.18"
"YLR328W","2.7.7.1"
"YLR342W","2.4.1.34"
"YLR345W","3.1.3.46"
"YLR345W","2.7.1.105"
"YLR354C","2.2.1.2"
"YLR355C","1.1.1.86"
"YLR359W","4.3.2.2"
"YLR362W","2.7.11.-"
"YLR372W","2.3.1.-"
"YLR377C","3.1.3.11"
"YLR382C","6.1.1.4"
"YLR395C","1.9.3.1"
"YLR398C","3.6.4.-"
"YLR420W","3.5.2.3"
"YLR432W","1.1.1.205"
"YLR438W","2.6.1.13"
"YLR447C","3.6.3.14"
"YLR450W","1.1.1.34"
"YML004C","4.4.1.5"
"YML008C","2.1.1.41"
"YML021C","3.2.2.-"
"YML022W","2.4.2.7"
"YML035C","3.5.4.6"
"YML042W","2.3.1.7"
"YML054C","1.1.2.3"
"YML055W","3.4.-.-"
"YML056C","1.1.1.205"
"YML060W","4.2.99.18"
"YML060W","3.2.2.-"
"YML070W","2.7.1.29"
"YML075C","1.1.1.34"
"YML081C-A","3.6.3.14"
"YML082W","2.5.1.48"
"YML092C","3.4.25.1"
"YML100W","2.4.1.15"
"YML106W","2.4.2.10"
"YML110C","2.1.1.-"
"YML115C","2.4.1.-"
"YML120C","1.6.99.3"
"YML126C","2.3.3.10"
"YMR001C","2.7.11.21"
"YMR006C","3.1.1.5"
"YMR008C","3.1.1.5"
"YMR009W","1.13.11.54"
"YMR009W","1.13.11.53"
"YMR013C","2.7.1.108"
"YMR015C","1.14.14.-"
"YMR022W","6.3.2.19"
"YMR035W","3.4.99.-"
"YMR036C","3.1.3.48"
"YMR054W","3.6.3.14"
"YMR062C","2.3.1.1"
"YMR062C","2.3.1.35"
"YMR080C","3.6.4.-"
"YMR083W","1.1.1.1"
"YMR095C","2.6.-.-"
"YMR096W","4.-.-.-"
"YMR099C","5.1.3.15"
"YMR101C","2.5.1.-"
"YMR105C","5.4.2.2"
"YMR108W","2.2.1.6"
"YMR113W","6.3.2.17"
"YMR118C","1.3.5.1"
"YMR120C","3.5.4.10"
"YMR120C","2.1.2.3"
"YMR139W","2.7.11.1"
"YMR145C","1.6.99.3"
"YMR150C","3.4.99.-"
"YMR169C","1.2.1.5"
"YMR170C","1.2.1.5"
"YMR189W","1.4.4.2"
"YMR190C","3.6.4.12"
"YMR202W","5.-.-.-"
"YMR205C","2.7.1.11"
"YMR208W","2.7.1.36"
"YMR217W","6.3.5.2"
"YMR220W","2.7.4.2"
"YMR234W","3.1.26.4"
"YMR239C","3.1.26.3"
"YMR246W","6.2.1.3"
"YMR250W","4.1.1.15"
"YMR256C","1.9.3.1"
"YMR261C","2.4.1.15"
"YMR267W","3.6.1.1"
"YMR271C","2.4.2.10"
"YMR278W","5.4.2.2"
"YMR281W","3.5.1.89"
"YMR293C","6.3.5.7"
"YMR293C","6.3.5.6"
"YMR296C","2.3.1.50"
"YMR300C","2.4.2.14"
"YMR303C","1.1.1.1"
"YMR306W","2.4.1.34"
"YMR314W","3.4.25.1"
"YMR318C","1.1.1.2"
"YMR323W","4.2.1.11"
"YNL009W","1.1.1.42"
"YNL037C","1.1.1.41"
"YNL045W","3.3.2.6"
"YNL048W","2.4.1.-"
"YNL052W","1.9.3.1"
"YNL053W","3.1.3.48"
"YNL071W","2.3.1.12"
"YNL072W","3.1.26.4"
"YNL073W","6.1.1.6"
"YNL102W","2.7.7.7"
"YNL104C","2.3.3.13"
"YNL106C","3.1.3.56"
"YNL112W","3.6.4.13"
"YNL113W","2.7.7.6"
"YNL117W","2.3.3.9"
"YNL118C","3.-.-.-"
"YNL130C","2.7.8.2"
"YNL132W","2.3.1.-"
"YNL141W","3.5.4.4"
"YNL151C","2.7.7.6"
"YNL154C","2.7.11.1"
"YNL163C","3.6.5.-"
"YNL169C","4.1.1.65"
"YNL192W","2.4.1.16"
"YNL202W","1.3.1.34"
"YNL207W","2.7.11.1"
"YNL219C","2.4.1.-"
"YNL220W","6.3.4.4"
"YNL221C","3.1.26.5"
"YNL223W","3.4.22.-"
"YNL229C","2.5.1.18"
"YNL241C","1.1.1.49"
"YNL247W","6.1.1.16"
"YNL248C","2.7.7.6"
"YNL250W","3.6.-.-"
"YNL256W","2.5.1.15"
"YNL256W","2.7.6.3"
"YNL256W","4.1.2.25"
"YNL262W","2.7.7.7"
"YNL267W","2.7.1.67"
"YNL277W","2.3.1.31"
"YNL280C","1.3.1.70"
"YNL282W","3.1.26.5"
"YNL316C","4.2.1.51"
"YNL316C","5.4.99.5"
"YNL331C","1.1.1.-"
"YNL334C","2.6.-.-"
"YNR001C","2.3.3.1"
"YNR003C","2.7.7.6"
"YNR008W","2.3.1.158"
"YNR011C","3.6.4.13"
"YNR012W","2.7.1.48"
"YNR016C","6.3.4.14"
"YNR016C","6.4.1.2"
"YNR019W","2.3.1.26"
"YNR027W","2.7.1.35"
"YNR030W","2.4.1.130"
"YNR031C","2.7.11.25"
"YNR033W","2.6.1.85"
"YNR034W","3.1.1.31"
"YNR041C","2.5.1.-"
"YNR043W","4.1.1.33"
"YNR050C","1.5.1.10"
"YNR057C","6.3.3.3"
"YNR058W","2.6.1.62"
"YOL011W","3.1.1.5"
"YOL013C","6.3.2.19"
"YOL021C","3.1.13.-"
"YOL033W","6.1.1.17"
"YOL038W","3.4.25.1"
"YOL043C","4.2.99.18"
"YOL049W","6.3.2.3"
"YOL052C","4.1.1.50"
"YOL055C","2.7.4.7"
"YOL055C","2.7.1.49"
"YOL058W","6.3.4.5"
"YOL059W","1.1.1.8"
"YOL061W","2.7.6.1"
"YOL064C","3.1.3.7"
"YOL065C","3.1.3.56"
"YOL077W-A","3.6.3.14"
"YOL086C","1.1.1.1"
"YOL096C","2.1.1.114"
"YOL097C","6.1.1.2"
"YOL115W","2.7.7.7"
"YOL126C","1.1.1.37"
"YOL136C","2.7.1.105"
"YOL140W","2.6.1.11"
"YOL143C","2.5.1.-"
"YOL157C","3.2.1.20"
"YOR001W","3.1.13.-"
"YOR002W","2.4.1.-"
"YOR005C","6.5.1.1"
"YOR033C","3.1.-.-"
"YOR040W","3.1.2.6"
"YOR048C","3.1.13.-"
"YOR061W","2.7.11.1"
"YOR065W","1.10.2.2"
"YOR067C","2.4.1.-"
"YOR074C","2.1.1.45"
"YOR095C","5.3.1.6"
"YOR099W","2.4.1.-"
"YOR109W","3.1.3.56"
"YOR116C","2.7.7.6"
"YOR119C","2.7.11.1"
"YOR120W","1.1.1.-"
"YOR125C","1.14.13.-"
"YOR128C","4.1.1.21"
"YOR136W","1.1.1.41"
"YOR142W","6.2.1.5"
"YOR142W","6.2.1.4"
"YOR143C","2.7.6.2"
"YOR149C","2.4.1.-"
"YOR151C","2.7.7.6"
"YOR157C","3.4.25.1"
"YOR168W","6.1.1.18"
"YOR171C","2.7.1.91"
"YOR175C","2.3.1.-"
"YOR175C","2.3.1.23"
"YOR175C","2.3.1.51"
"YOR176W","4.99.1.1"
"YOR184W","2.6.1.52"
"YOR190W","3.2.1.58"
"YOR196C","2.8.1.8"
"YOR201C","2.1.1.-"
"YOR202W","4.2.1.19"
"YOR207C","2.7.7.6"
"YOR209C","2.4.2.11"
"YOR231W","2.7.12.2"
"YOR236W","1.5.1.3"
"YOR241W","6.3.2.17"
"YOR250C","2.7.1.78"
"YOR251C","2.8.1.2"
"YOR251C","2.8.1.1"
"YOR270C","3.6.3.14"
"YOR274W","2.5.1.75"
"YOR278W","4.2.1.75"
"YOR288C","5.3.4.1"
"YOR303W","6.3.5.5"
"YOR317W","6.2.1.3"
"YOR321W","2.4.1.109"
"YOR323C","1.2.1.41"
"YOR330C","2.7.7.7"
"YOR332W","3.6.3.14"
"YOR335C","6.1.1.7"
"YOR336W","2.4.1.-"
"YOR339C","6.3.2.19"
"YOR340C","2.7.7.6"
"YOR341W","2.7.7.6"
"YOR347C","2.7.1.40"
"YOR351C","2.7.11.1"
"YOR360C","3.1.4.17"
"YOR362C","3.4.25.1"
"YOR368W","3.1.11.2"
"YOR374W","1.2.1.3"
"YOR375C","1.4.1.4"
"YOR388C","1.2.1.2"
"YOR393W","4.2.1.11"
"YPL017C","1.8.1.4"
"YPL022W","3.1.-.-"
"YPL023C","1.5.1.20"
"YPL028W","2.3.1.9"
"YPL031C","2.7.11.22"
"YPL036W","3.6.3.6"
"YPL040C","6.1.1.5"
"YPL050C","2.4.1.-"
"YPL053C","2.7.8.-"
"YPL061W","1.2.1.3"
"YPL069C","2.5.1.29"
"YPL069C","2.5.1.10"
"YPL069C","2.5.1.1"
"YPL078C","3.6.3.14"
"YPL087W","3.5.1.-"
"YPL091W","1.8.1.7"
"YPL096W","3.5.1.52"
"YPL097W","6.1.1.1"
"YPL104W","6.1.1.12"
"YPL111W","3.5.3.1"
"YPL117C","5.3.3.2"
"YPL140C","2.7.12.2"
"YPL153C","2.7.11.-"
"YPL157W","2.1.1.-"
"YPL160W","6.1.1.4"
"YPL167C","2.7.7.7"
"YPL172C","2.5.1.-"
"YPL175W","2.4.1.198"
"YPL203W","2.7.11.11"
"YPL204W","2.7.11.1"
"YPL206C","3.1.4.46"
"YPL214C","2.7.1.50"
"YPL214C","2.5.1.3"
"YPL218W","3.6.5.-"
"YPL227C","2.4.1.117"
"YPL231W","2.3.1.86"
"YPL234C","3.6.3.14"
"YPL258C","2.7.4.7"
"YPL258C","2.7.1.49"
"YPL262W","4.2.1.2"
"YPL268W","3.1.4.11"
"YPL271W","3.6.3.14"
"YPL273W","2.1.1.10"
"YPR001W","2.3.3.1"
"YPR002W","4.2.1.79"
"YPR006C","4.1.3.1"
"YPR010C","2.7.7.6"
"YPR020W","3.6.3.14"
"YPR026W","3.2.1.28"
"YPR033C","6.1.1.21"
"YPR035W","6.3.1.2"
"YPR036W","3.6.3.14"
"YPR047W","6.1.1.20"
"YPR060C","5.4.99.5"
"YPR062W","3.5.4.1"
"YPR066W","6.3.2.19"
"YPR069C","2.5.1.16"
"YPR073C","3.1.3.48"
"YPR073C","3.1.3.2"
"YPR074C","2.2.1.1"
"YPR080W","3.6.5.3"
"YPR081C","6.1.1.14"
"YPR103W","3.4.25.1"
"YPR110C","2.7.7.6"
"YPR111W","2.7.11.-"
"YPR113W","2.7.8.11"
"YPR118W","5.3.1.23"
"YPR127W","1.1.1.65"
"YPR140W","2.3.1.-"
"YPR145W","6.3.5.4"
"YPR160W","2.4.1.1"
"YPR167C","1.8.4.8"
"YPR175W","2.7.7.7"
"YPR180W","6.3.2.19"
"YPR183W","2.4.1.83"
"YPR184W","3.2.1.33"
"YPR184W","2.4.1.25"
"YPR190C","2.7.7.6"
"YPR191W","1.10.2.2"
